ing,7666
ess,5935
nes,5417
ers,4931
ion,4855
ati,4771
ter,4696
tio,3903
ent,3549
ist,3386
ons,3384
ate,3225
ine,2917
ant,2706
tic,2678
ous,2670
ies,2635
les,2593
per,2565
ica,2526
eri,2465
ses,2397
all,2382
lin,2341
tin,2313
res,2273
ali,2273
ver,2267
cal,2200
ans,2190
ble,2137
ene,2125
ian,2100
ill,2036
tra,2031
non,2013
con,1996
ism,1996
men,1983
oni,1975
ari,1942
tri,1856
ste,1854
est,1850
man,1849
lit,1848
sti,1846
lis,1832
rin,1823
nti,1820
nis,1803
ise,1803
tes,1801
pre,1798
iti,1796
nte,1787
rat,1782
ell,1764
tor,1748
ran,1746
der,1739
abl,1736
pro,1699
her,1698
the,1698
ite,1681
era,1659
ngs,1659
sse,1655
and,1647
lle,1640
lat,1613
ili,1609
ive,1590
ris,1586
str,1580
gra,1576
nde,1569
ria,1567
ani,1543
dis,1532
ted,1519
ast,1518
ove,1506
ina,1500
ere,1499
chi,1492
int,1460
oph,1452
che,1446
ric,1404
min,1398
olo,1398
tro,1390
ato,1390
sta,1389
one,1388
ero,1376
ona,1354
mat,1353
lan,1349
pho,1331
ity,1331
ins,1326
cha,1323
lli,1315
tis,1306
log,1300
ect,1294
ens,1276
nce,1276
sts,1273
ome,1270
ida,1241
lly,1239
und,1234
sto,1229
len,1228
ori,1223
rop,1204
ish,1199
ide,1198
ias,1195
ard,1181
car,1176
ula,1176
ton,1175
met,1168
ele,1167
cat,1166
mon,1154
ini,1151
mis,1151
sss,1151
phi,1149
par,1148
las,1146
tiv,1138
ace,1135
cti,1134
eli,1132
nat,1128
red,1127
rac,1118
ara,1117
for,1115
anc,1115
lla,1106
ost,1103
rap,1102
ros,1095
oma,1094
rea,1087
ass,1069
sin,1067
oli,1062
gen,1054
art,1049
nic,1041
enc,1040
emi,1037
ten,1031
nia,1028
com,1028
tal,1024
ort,1022
erm,1021
aph,1018
ial,1018
nta,1017
nal,1010
ang,1009
ron,1005
iss,1002
ler,1001
ont,1000
des,998
ber,997
ore,996
ete,990
lar,988
mer,974
shi,971
ner,965
har,959
tan,958
ici,957
rit,956
ale,955
tat,955
eni,955
pha,951
nts,941
end,940
rie,934
rec,933
bil,931
ras,930
cho,925
din,922
tte,922
ath,921
ach,919
nin,918
ana,912
ssi,911
sis,907
mar,907
ser,907
ors,903
hin,902
lic,895
sms,890
kin,888
pla,886
ala,886
hal,885
uss,885
ita,882
ier,881
mic,880
tur,880
out,875
hor,874
cul,873
ora,867
tie,866
rom,865
age,864
han,859
den,859
rou,855
sub,852
ral,851
ger,851
act,845
cor,844
tho,843
tom,841
cro,841
eti,839
unc,836
dae,828
ven,827
ces,826
ren,824
nit,819
ndi,817
ret,816
ure,814
abi,806
ack,803
ind,800
etr,800
phy,797
ert,795
lia,794
dia,793
isa,790
uri,789
ogi,789
oto,780
ono,779
ker,778
sco,767
rot,767
ino,765
bra,764
ami,763
pol,762
osi,761
pin,756
can,755
ain,754
tar,754
roc,753
ogr,753
nch,751
oid,749
eme,747
she,745
ett,744
ram,744
unt,735
col,733
aes,732
qui,728
thi,725
tre,723
nge,720
erc,720
por,719
vil,718
arc,717
llo,717
ane,715
idi,715
ole,713
ntr,711
cen,708
ose,707
are,704
ngl,701
omi,699
oun,696
ick,695
eno,692
nas,692
hea,690
sup,686
err,685
nth,685
rid,681
ium,681
sat,680
ear,678
isi,678
ura,677
ata,676
nco,674
ree,673
led,671
ond,669
mor,669
pen,667
mas,666
uns,666
spe,664
rti,663
let,663
tel,662
ema,660
esi,660
sne,659
eta,657
orm,656
oth,656
sed,656
ame,651
pos,651
inc,651
son,647
hil,644
ern,643
iat,642
hes,638
ade,636
ple,636
als,635
hro,633
tia,632
fer,628
ock,626
ela,625
ola,625
our,625
upe,623
ann,620
oll,620
hip,617
sha,617
tas,615
tab,615
hol,615
lac,613
dro,612
ead,612
ena,612
rma,611
ics,608
bar,607
edi,607
cra,605
sio,605
cer,604
wor,604
ano,603
mal,602
cks,602
adi,601
ile,601
rch,601
dic,597
ums,597
ust,595
rep,595
ars,594
eat,594
nne,594
sen,593
ith,593
pan,593
att,592
pat,592
ama,592
que,587
ful,584
sem,584
ifi,583
onc,582
phe,582
ich,581
cou,580
ary,579
ood,578
hon,577
igh,574
cin,573
ope,573
cop,572
eco,571
eas,570
mes,569
oro,569
ult,569
qua,569
hen,567
rad,566
net,566
arr,565
rus,565
hel,564
his,563
nar,561
use,559
cto,559
tha,559
rio,558
sit,558
sch,557
ght,556
oti,556
ges,554
sal,554
alo,551
gin,550
isc,550
och,548
los,547
tch,546
lec,546
omo,545
iou,541
uni,540
vel,539
ong,538
cea,537
ico,537
thr,536
eth,534
bur,534
nto,534
ote,533
nos,533
hyp,532
ean,531
rol,531
rel,529
pri,528
cke,528
asi,525
emo,524
oge,524
mit,522
imp,520
sia,518
ely,516
lea,515
aci,514
tle,514
spi,513
lie,513
cre,513
rre,512
bro,511
mel,511
rth,511
oly,511
don,509
rem,509
ord,508
oss,507
bri,506
app,505
odi,504
cia,503
gis,503
top,502
sca,502
lor,502
amp,501
rab,501
win,501
gly,500
cle,499
tys,498
nda,498
ice,495
eph,495
ime,494
ned,493
til,493
hic,493
nsi,493
spo,493
ave,490
rys,490
bal,489
cas,489
opi,489
tit,488
pti,487
lon,486
war,485
ets,485
rai,485
san,482
rri,481
eve,481
ire,480
ode,480
omp,480
epi,479
ike,479
del,479
opo,478
oca,476
roo,476
ize,475
pal,474
ase,473
cla,473
els,470
dne,470
lam,470
tos,469
dec,468
cri,467
cis,466
rog,465
ake,464
ery,464
ash,462
chr,462
hem,462
gal,461
nst,460
ail,460
rdi,459
ein,458
loc,457
orn,457
ese,455
bel,455
fic,455
pic,450
erl,447
rer,446
lou,445
erg,443
uti,443
iso,442
eae,441
nci,441
rmi,440
rag,439
rds,439
ima,438
usn,437
atr,436
lus,436
rte,436
nds,436
sel,436
ves,435
nom,435
tol,432
bac,431
scr,431
gan,430
erp,429
odo,429
dra,428
itt,426
tti,426
amb,425
lls,425
esc,425
sol,424
mil,424
aro,423
nse,423
ndo,422
una,420
dal,420
ien,419
ech,419
nan,419
lik,418
erv,417
ban,416
rse,416
mac,415
sur,414
ede,414
lum,414
nni,414
hot,414
eur,412
ppe,412
eal,412
gar,411
elo,411
tru,411
ila,409
ivi,407
ndr,406
erb,406
ded,404
dle,404
gre,404
mul,402
ept,401
vin,401
aut,400
cit,399
cur,399
hed,398
uli,397
ull,397
med,396
val,396
spa,395
fie,391
nor,390
cel,390
sho,390
cos,389
icu,388
lio,388
tim,388
ees,387
gat,387
ito,387
obi,387
gle,387
ham,387
bla,386
low,385
osp,385
own,384
acc,383
cep,383
cap,381
ssa,380
lop,380
oot,379
aco,379
rim,379
mme,378
som,378
oco,378
vis,377
ype,377
gon,376
lig,376
lot,376
ped,374
rig,373
ibl,373
avi,372
dit,372
sor,372
bas,372
eto,372
orp,370
uro,370
ega,370
pit,369
ngi,369
urg,369
lne,369
oce,369
ott,369
ung,368
ory,368
sce,368
urs,368
arm,367
dan,367
bre,364
ril,364
ota,364
agi,363
air,363
rne,363
icr,363
dri,362
orr,362
dio,362
eed,362
bat,362
het,362
gic,361
bor,361
sar,361
lem,358
tac,358
ute,358
een,358
sma,357
rni,357
unp,357
amm,356
rei,356
omy,356
ref,356
hia,355
opa,355
osc,355
imi,355
enn,355
toc,354
woo,354
dom,353
edn,353
evi,353
mpe,353
rip,352
uto,352
pon,352
nel,352
sid,352
hom,351
bin,351
lab,351
arb,351
dem,349
hou,349
eca,349
hyd,348
ids,348
emp,347
usi,346
iol,346
lid,345
iac,345
nac,344
rod,344
fra,344
thy,343
fin,343
sly,343
tid,343
pli,342
apo,342
pis,342
fla,342
mou,342
ogy,342
squ,342
amo,341
eci,341
reg,341
une,341
nop,340
rra,338
hos,338
rme,338
hoo,337
sil,337
bli,336
aca,336
pet,335
bit,334
yst,334
atu,333
rge,333
sci,333
has,333
ilo,333
neu,332
old,332
lys,332
pas,332
rna,332
not,332
ben,331
cid,331
mia,330
tai,330
mid,329
pte,329
ape,328
ign,328
lti,328
aur,326
gas,326
tem,326
erf,325
iri,325
omm,324
acr,324
bul,324
arl,323
nou,323
arg,323
umb,322
nol,322
dea,320
erd,320
rob,320
alt,320
coc,319
clo,319
nie,318
hie,318
ual,318
lim,317
rif,317
die,316
ydr,316
itu,316
hyl,315
nab,315
ada,315
cli,315
sul,314
flo,314
ips,314
gne,313
inf,312
pel,312
owe,311
oin,311
eou,310
emb,310
hys,310
rev,310
nna,308
dor,308
usl,308
mos,307
fis,307
rde,307
vit,307
tta,307
gro,306
ork,306
glo,306
nsu,305
inn,305
bly,304
ipp,304
pec,304
mus,304
ank,303
van,303
pul,303
rum,303
tif,303
ncy,302
aff,302
osa,301
ext,301
siv,301
rli,301
ats,301
ark,300
pra,300
ngu,299
nre,299
ago,298
ado,298
das,298
pes,298
hit,298
row,297
rmo,296
cie,296
ied,296
mpl,296
eys,295
ths,295
uck,295
try,294
sic,294
cot,294
ict,294
isp,294
duc,293
eis,293
aga,292
cta,292
pie,292
ios,292
uin,292
otr,291
rco,291
ira,291
iva,291
ule,291
pot,290
asc,290
aba,290
ski,289
nid,289
mot,289
yin,289
dar,288
sso,288
cte,287
ush,287
ink,287
rts,286
onf,286
aus,285
ibi,285
pod,285
noc,285
itr,284
mag,284
urn,283
lag,283
sph,283
cam,282
cus,282
ook,281
ffe,281
leg,281
ops,281
ads,279
ntl,279
unr,279
bol,277
hop,277
bon,277
equ,276
pto,276
ais,276
ugh,276
rsi,276
tea,276
tam,276
mph,275
ife,275
dge,275
mpa,274
scu,274
pse,274
rib,274
ams,273
rph,273
zin,273
eso,273
uth,272
arn,272
utt,272
bio,271
opl,271
ctr,271
llu,271
uct,270
bes,270
wer,270
hee,270
esp,269
onn,268
lif,268
tag,268
syn,267
chl,267
eld,267
exp,267
rle,267
rro,267
stu,267
plo,267
rta,267
ays,267
nga,266
iga,265
dly,265
lut,265
fle,265
oon,265
lip,264
opt,264
dat,264
ois,264
uts,264
tee,263
mbe,262
rav,261
bus,261
gel,261
sec,261
lde,260
ifo,260
omb,259
agg,259
alm,259
ffi,258
uch,258
hri,257
ido,257
rst,257
alc,257
mol,257
lep,257
api,256
gia,256
ots,255
chu,255
vol,255
bou,255
tog,255
whi,255
fre,254
olu,254
wee,254
eer,254
uma,254
nam,253
rsh,253
aki,253
ily,253
ysi,253
ken,253
eac,252
ume,252
abo,252
tou,252
uff,252
ece,252
tyl,252
roi,252
bia,251
eud,251
gri,251
nso,250
reb,250
ods,250
ava,250
bea,249
epa,249
edl,249
udi,249
uit,248
arp,248
ige,248
eng,247
tly,247
pac,246
epr,246
nea,246
oso,246
esh,246
cum,245
ils,245
rbo,245
ked,245
oba,245
uta,245
ypo,244
ues,244
pur,243
iel,243
gue,242
hag,242
sab,242
cki,242
eck,242
ulo,242
vat,242
chs,241
ool,241
sla,241
gui,241
onv,241
rcu,241
gge,240
iza,240
ley,240
yan,240
abe,240
cio,240
lad,240
kle,239
lom,239
kes,239
apa,239
ald,239
gie,239
oga,239
imm,238
udo,238
dos,238
hae,237
oke,236
ovi,236
uis,236
umi,236
hab,236
ipe,236
rgi,236
seu,236
mma,235
dre,235
hir,235
hob,235
wel,234
roa,234
gli,234
smo,233
reo,233
gam,232
mun,232
ecu,232
tus,232
mpo,232
nif,232
lee,232
wal,231
rce,231
ump,231
hat,231
pir,231
ylo,231
hum,230
ctu,230
leu,230
ych,230
nio,229
add,229
pil,229
riu,229
loo,228
tow,228
eda,228
mbo,228
nap,228
unf,228
ndu,227
rvi,227
lai,227
nem,227
urr,227
epe,227
flu,226
nca,226
hus,226
sop,226
mbr,225
tne,225
imo,225
pea,225
sea,225
ged,224
its,224
eva,223
tec,223
def,222
geo,222
ppi,221
rba,221
mmi,221
bed,220
mak,220
ony,220
ced,220
chy,220
rov,220
iro,220
gla,219
ket,219
lau,219
nen,218
unb,218
yll,218
opp,218
rga,218
boa,218
iot,218
tet,218
cys,218
dep,218
dol,218
typ,218
set,217
ckl,217
psi,217
abb,217
atc,217
boo,217
fac,217
sig,217
uar,217
rbi,216
sim,216
ude,216
oda,215
tot,215
var,215
gua,215
nve,215
nsa,214
tig,214
cet,214
ebr,214
way,214
nec,213
oxi,213
iff,213
sac,213
pyr,213
uat,212
ngo,212
ibe,212
off,212
mba,211
nsh,211
oar,211
run,211
iph,211
org,211
lae,210
ruc,210
yle,210
nvi,210
nae,210
nog,210
ows,209
sib,209
soc,209
wat,209
irr,209
riv,209
blo,209
oat,208
sie,208
sau,208
tap,208
oci,208
eds,208
iar,208
cil,207
phr,207
thu,207
fri,206
tua,206
vic,206
yto,205
hyt,205
but,205
alu,205
cru,205
ebo,205
yli,205
gna,205
cut,204
eel,204
erw,204
inu,204
adr,204
coa,204
eab,204
ols,204
spr,204
epo,204
hio,203
lph,203
efi,203
yro,203
nke,202
wis,202
lay,201
oug,201
ocy,200
svi,200
tli,200
edo,200
tip,200
ocr,199
tto,199
liz,199
aul,199
npr,199
agr,198
fil,198
ipa,198
aln,198
loi,198
mie,198
obe,197
pid,197
ius,196
doc,196
hur,196
smi,196
hlo,195
asp,195
nus,195
eus,195
lap,195
orc,195
oct,194
dam,194
pop,194
eol,193
ebe,193
aps,193
eet,193
nag,193
dow,193
hei,193
hne,193
sty,193
eep,192
aun,192
egi,192
unm,192
aft,192
occ,192
lei,191
aly,191
rar,191
gul,191
mbi,191
mod,191
rve,191
kis,191
mai,191
bis,190
nsp,189
neo,189
rry,189
rso,189
yth,189
ahs,189
hth,189
unn,189
egr,188
mbl,188
nad,188
far,188
kie,188
lav,188
dac,188
uls,188
yri,188
cab,187
lib,187
oos,187
apt,187
gor,187
nim,187
raf,187
eop,186
ecr,186
tib,186
igi,186
sle,186
agn,185
anu,185
sli,185
via,185
fro,185
ify,185
leo,184
hai,184
lte,184
ewa,184
imb,184
iop,184
uil,184
acu,183
tum,183
hra,183
ggi,183
rto,182
bir,182
onp,182
psy,182
rew,182
nct,181
ege,181
lds,181
irc,181
dul,181
lve,181
ubs,180
ibr,180
ney,180
ngr,180
oom,180
rci,180
sth,180
aud,179
lob,179
eba,178
wan,178
det,178
yla,178
vas,178
cyt,177
gos,177
sus,177
kar,177
rks,177
sas,177
bet,176
ske,176
asa,176
mmo,175
ube,175
exi,175
wit,175
axi,175
efu,175
hid,175
oms,175
cry,175
eon,174
sep,174
ubi,174
eak,174
nex,174
iet,174
hec,173
oul,173
noi,173
ipl,173
rda,173
asm,173
iqu,173
hap,172
ntu,172
rca,172
alk,172
inv,171
mpi,171
niz,171
cir,171
exa,171
cip,170
plu,170
toi,170
ceo,170
eut,170
nfe,170
nfo,169
opr,169
sme,169
sou,169
uen,169
luc,169
urt,169
git,169
ulp,169
hau,168
mpr,168
umm,168
eam,168
aer,168
pia,168
dip,167
mea,167
rof,167
ddi,166
dde,166
div,166
elt,166
gil,166
ddl,166
nee,166
rpo,166
edu,166
enu,166
ova,166
rke,166
zat,165
ild,165
exc,165
uci,165
lma,165
ttl,165
nfi,165
iab,164
yph,164
eig,164
tun,164
yne,164
was,164
hod,164
ocu,164
shn,164
kel,163
tul,163
edr,163
ipo,163
sum,162
syc,162
itc,162
orb,162
gol,162
ycl,162
ssn,162
rbe,161
ait,161
rpe,161
obl,161
onr,161
nme,161
oof,161
swa,161
bbe,160
spl,160
cad,160
leb,160
rsa,160
bos,160
fol,160
ndl,160
oad,160
ray,160
yte,160
agu,160
coe,160
eru,160
gio,160
hle,160
shs,160
unk,160
lun,159
hre,159
oes,159
pus,159
uan,159
rho,159
nsc,159
riz,159
lex,158
ymp,158
wil,158
igo,158
poi,158
bic,158
nli,158
bbi,158
gno,158
heo,158
mad,158
bru,157
pou,157
rva,157
urb,157
lyc,156
oxy,156
uer,156
awa,156
idd,156
yme,156
see,156
yer,155
nig,155
cyc,155
zed,155
dou,155
ird,155
lod,155
nno,154
uln,154
stl,154
mmu,154
dys,153
sam,153
ssu,153
aso,153
bot,153
pun,153
fir,152
irs,152
num,152
oty,152
wea,152
dli,152
rns,152
yna,152
jac,152
kas,151
cac,151
oil,151
reh,150
ppo,150
dil,149
rae,149
fli,149
ngn,149
rhe,149
vir,149
igr,149
uba,149
abs,149
dev,149
fel,149
hte,149
ehe,148
nle,148
cco,148
aug,148
ipt,148
moo,148
rrh,148
bst,148
evo,147
rdo,147
swe,147
lev,147
put,147
ipi,147
ody,147
uru,147
usc,146
chn,146
ncu,146
dig,146
efe,146
eum,146
vie,146
cht,146
ncr,146
fus,146
rau,146
dus,145
ewo,145
nki,145
cci,145
dif,145
upp,145
ved,145
yma,145
diu,144
ltr,144
hac,144
hun,144
raw,144
alv,144
wom,144
hog,144
mbu,144
ror,144
mop,144
zes,144
ego,143
fal,143
igg,143
mpt,143
fan,143
gni,143
lyp,143
rha,143
yco,143
did,143
nqu,143
mog,143
oor,143
alp,142
ncl,142
liv,142
fec,142
niu,142
oop,142
zoo,142
dab,142
erh,142
alg,141
rhi,141
cau,141
foo,141
utr,141
nob,141
rla,141
hoc,141
gma,140
nod,140
usa,140
abr,140
ewe,140
mir,140
uno,140
azi,139
esa,139
coi,139
clu,139
kan,139
owl,139
fur,138
ior,138
get,138
oan,138
teo,137
ubb,137
kil,137
nha,137
wns,137
aem,137
eff,137
ogo,137
coo,136
lur,136
vid,136
zer,136
aeo,136
ewi,136
obs,136
azo,135
iom,135
rtu,135
aqu,135
ubl,135
ebu,135
opy,134
tir,134
ogl,134
whe,134
xtr,134
avo,134
aea,134
tme,133
kee,133
mur,133
ryo,133
eye,133
tub,133
yce,133
sai,132
nai,132
obo,132
mut,132
aya,132
cca,132
eit,132
loa,132
meg,132
pap,131
oen,131
too,131
alb,131
cod,131
eau,131
nep,131
fes,130
aye,130
dop,130
neg,130
pta,130
efo,130
sun,130
unh,130
nfl,129
dog,129
got,129
rub,129
unl,129
ryp,128
ugg,128
aid,128
mys,128
aka,128
ccu,128
dur,128
lue,128
sym,127
ecl,127
nul,127
sbu,127
uda,127
lym,127
rki,127
tma,127
gea,126
ppl,126
esu,126
ypt,126
hme,126
cog,125
iog,125
twi,125
izi,125
ppr,125
hts,125
nil,125
roe,125
ulu,125
bun,124
nma,124
aha,124
ldi,124
lme,124
pht,124
tod,124
tts,124
hym,124
eos,124
myc,124
obb,124
rah,124
uel,124
uad,123
rly,123
bab,123
ioc,123
kal,123
poc,122
elm,122
swi,122
euc,122
rpr,122
fen,122
ffl,122
irt,122
new,122
aze,121
him,121
ogg,121
rud,121
bbl,121
blu,121
abu,121
had,121
oel,121
yti,121
exe,120
ibu,120
enz,120
phs,120
buc,120
gus,120
mni,120
ift,119
moc,119
uca,119
rgs,119
slo,119
rut,119
pai,119
kat,118
yra,118
iba,118
igu,118
tox,118
esm,118
ffs,118
ilt,118
nbe,118
tud,118
uga,118
gem,117
zon,117
shl,117
cif,117
odu,117
udd,117
xes,117
key,117
oac,117
rgo,117
kli,116
uce,116
eho,116
nfr,116
zar,116
lva,116
nov,116
pag,116
fun,116
ndy,116
swo,116
unw,116
ask,115
hma,115
onl,115
poo,115
apl,115
jec,115
ogn,115
ups,115
auc,115
opu,115
uco,114
eor,114
tei,114
lyt,114
ouc,114
nhe,113
chm,113
nfa,113
nut,113
pom,113
sap,113
now,113
dee,113
deb,112
gur,112
bee,112
isl,112
nur,112
rup,112
bie,112
hoe,112
lyn,112
sna,112
osm,111
ozo,111
eid,111
fas,111
fte,111
iid,111
pee,111
bec,111
olt,110
elu,110
ibb,110
vet,110
hyr,109
onm,109
rul,109
tut,109
epl,109
nks,109
haw,109
wed,109
dim,109
efl,109
eps,109
shr,109
emu,108
nau,108
dru,108
iod,108
acy,108
vul,108
hiz,108
pip,108
ews,107
sag,107
sei,107
aen,107
egu,107
fou,107
ggl,107
sno,107
lov,107
ocl,107
rwo,107
adv,107
pig,107
adm,107
wei,107
uet,106
dun,106
oki,106
suc,106
xin,106
yar,106
owi,106
umo,106
efa,105
yes,105
amy,105
asu,105
kha,105
url,105
wri,105
ivo,105
exo,105
onu,105
rak,105
lta,105
apr,104
icl,104
oqu,104
fat,104
how,104
rms,104
cem,104
eav,104
tep,104
rlo,104
lmo,104
nys,103
sad,103
edd,103
goo,103
law,103
gys,103
nip,103
tax,103
etu,103
gou,103
idg,103
gab,102
hep,102
oas,102
syl,102
tfu,102
osh,102
ryn,102
uid,102
edg,102
pad,102
scl,102
shm,102
cce,101
ims,101
nfu,101
sex,101
eot,101
oru,101
arv,101
mps,101
ogu,101
oks,101
sip,101
lca,100
ury,100
lco,100
cka,100
epu,100
lmi,100
tau,100
aks,100
dot,99
lel,99
lew,99
bag,99
eem,99
lto,99
lub,99
oic,99
rno,99
sif,99
twa,99
uou,99
wes,99
mpu,99
upr,99
cts,99
doo,99
kit,99
ltu,99
lvi,99
upl,99
zen,99
erk,98
hib,98
iam,98
rfe,98
yel,98
iev,98
ppa,98
yno,98
iki,98
dai,98
glu,98
hig,98
rtr,98
ulf,98
urc,98
yon,98
bow,98
jun,98
teg,97
xis,97
inh,97
npe,97
dyn,97
izo,97
rpa,97
bid,97
obr,97
hex,96
sos,96
orl,96
shu,96
nho,96
rpi,96
mam,96
npa,96
tyr,96
ymo,96
mec,96
imu,95
lda,95
nym,95
nny,95
nuc,95
fit,95
ohe,95
eoc,95
gru,95
kno,95
ucc,95
urd,95
hly,94
ngt,94
owa,94
sot,94
ubc,94
yal,94
eil,94
emm,94
tak,94
ety,94
cty,94
pne,93
zan,93
rsu,93
upt,93
wai,93
voc,93
tad,93
cov,93
raz,93
aws,92
ghe,92
odd,92
oup,92
tiz,92
ebi,92
vor,92
two,92
oys,92
vag,91
cic,91
day,91
dei,91
esq,91
moi,91
spu,91
enl,91
gun,91
lud,91
eom,91
gir,91
osu,91
tae,91
ygo,91
bod,90
eny,90
lbe,90
aru,90
irl,90
isk,90
sua,90
ync,90
vio,90
neb,89
udg,89
xan,89
yas,89
hli,89
olv,89
yre,89
cob,89
jan,89
mom,89
oet,89
rru,89
myo,88
any,88
cup,88
fed,88
itz,88
jud,88
rbu,88
rfi,88
rhy,88
kab,88
nei,88
oya,88
acs,87
idu,87
adu,87
nun,87
ofi,87
tla,87
ubt,87
utc,87
gha,86
ssl,86
xyl,86
cav,86
lil,86
lts,86
rui,86
thm,86
xte,86
yse,86
eha,86
fid,86
fyi,86
fea,86
aza,86
ryl,85
vab,85
deo,85
eog,85
sky,85
amu,85
thl,85
eir,85
fai,85
hno,85
mig,85
yis,85
cow,85
fib,85
izz,84
box,84
hak,84
eek,84
rwa,84
vac,84
eag,84
iag,84
hoi,84
ilu,84
rox,84
vou,84
dag,83
reu,83
xpe,83
tob,83
dir,83
upi,83
apu,83
cya,83
ems,83
fts,83
mim,82
rey,82
bai,82
beg,82
mem,82
nwa,82
oal,82
irm,82
nbu,82
aet,82
fia,82
ska,82
nav,82
rtl,82
eap,81
egg,81
otu,81
uas,81
lch,81
ulc,81
pau,81
agl,81
elp,81
lal,81
lsi,81
gib,80
ibo,80
oit,80
xic,80
awn,80
wle,80
efr,80
lci,80
ldo,80
yed,80
dum,80
kir,80
liu,80
ptu,80
gyn,80
unv,80
mau,79
phl,79
fru,79
teu,79
uir,79
aim,79
boy,79
ika,79
lol,79
oer,79
rex,79
rik,79
anl,78
kne,78
aic,78
enf,78
pep,78
uge,78
eim,78
rsp,78
isu,78
may,78
nev,78
gga,78
rok,78
sys,78
enb,77
lst,77
mab,77
ubr,77
cun,77
gad,77
viv,77
lpi,77
urp,77
mae,76
yng,76
ags,76
mah,76
nbo,76
gom,76
nla,76
acl,76
dst,76
hry,76
yso,76
dwa,76
fee,76
obu,76
cch,75
fig,75
god,75
sir,75
gau,75
lfi,75
myr,75
omn,75
rfu,75
wag,75
enh,75
nwo,75
lah,75
nva,75
orh,75
cei,74
nmo,74
ulg,74
adl,74
mip,74
phu,74
pog,74
usk,74
bse,74
lgi,74
ryt,74
urv,74
xer,74
bba,74
cae,74
dib,74
elf,74
pio,74
coh,74
dma,74
iad,74
wha,74
bum,73
hav,73
isb,73
npo,73
slu,73
uvi,73
ady,73
nss,73
oud,73
ghs,73
hti,73
pru,73
atl,73
hwa,73
rix,73
rpl,73
ucl,73
bib,72
igm,72
lak,72
nnu,72
osy,72
pso,72
gum,72
ngh,72
aed,72
dmi,72
fet,72
gid,72
wen,72
rug,71
sey,71
gog,71
bad,71
eaf,71
lef,71
asy,71
hni,71
mne,71
uph,71
sod,71
luo,70
nba,70
oka,70
eup,70
ipr,70
kon,70
ymi,70
alf,70
rfo,70
xen,70
ynt,70
arf,70
iec,70
lge,70
nkl,70
sav,70
eec,69
xid,69
dod,69
ifl,69
nef,69
nns,69
yni,69
loy,69
nri,69
quo,69
twe,69
muc,69
yop,69
cqu,68
dry,68
aum,68
onb,68
gai,68
lbo,68
niv,68
nvo,68
ahe,68
aty,68
cai,68
exu,68
iap,68
igl,68
lul,68
nak,68
ntn,68
uor,68
upa,68
zel,68
fau,67
itl,67
kia,67
nsm,67
wic,67
stm,67
deg,67
elv,67
enr,67
kos,67
mob,67
ypi,67
ael,67
anh,67
awl,67
cub,67
hoa,67
oec,67
etc,67
jar,67
lga,67
nju,67
nyl,67
roy,67
dyl,66
hay,66
kma,66
tsh,66
bom,66
fon,66
rgu,66
sni,66
sui,66
utl,66
utu,66
aig,66
gyr,66
jam,66
jur,66
tst,66
adj,66
ckb,65
idl,65
kho,65
rym,65
big,65
esb,65
nly,65
nsl,65
oub,65
wne,65
inl,65
ipu,65
jer,65
mud,65
rmu,65
toe,65
vig,65
zle,65
hut,64
iks,64
ofe,64
uds,64
liq,64
nik,64
pst,64
urf,64
epp,64
nbr,64
pae,64
egl,64
ilm,64
rty,64
usp,64
bog,64
inq,64
iru,64
olf,64
smu,64
tup,64
hyo,63
isr,63
uld,63
aho,63
jus,63
rdl,63
zie,63
zzl,63
onk,63
boi,63
env,63
heb,63
isf,63
ogs,63
chw,63
fly,63
ilb,63
owd,63
sog,63
tiu,63
agm,62
nro,62
rue,62
ubo,62
gto,62
lbu,62
lke,62
mio,62
mno,62
ayl,62
lth,62
rpu,62
ttr,62
amn,62
gme,62
nka,62
odl,62
ayi,62
nah,62
rwi,62
sev,62
haf,61
hul,61
kra,61
lka,61
oxa,61
yde,61
bau,61
noe,61
sbo,61
ssy,61
xia,61
afe,61
ysa,61
kol,61
lki,61
lse,61
oed,61
idn,60
lba,60
axe,60
ecc,60
urm,60
who,60
bud,60
rbr,60
yls,60
gee,60
rfa,60
sew,60
pow,59
uic,59
dve,59
psa,59
hla,59
icy,59
awk,59
bry,59
rcl,59
roz,59
rqu,59
acq,59
cib,59
hev,59
kst,59
nty,59
ued,59
yot,59
laz,58
ubm,58
zoa,58
eic,58
elb,58
maz,58
pay,58
rii,58
sbe,58
xon,58
poe,58
dua,58
kam,58
mle,58
oxe,58
bys,58
hif,58
tty,58
bob,57
kla,57
lug,57
odr,57
oft,57
ymn,57
dhe,57
eke,57
kor,57
moe,57
suf,57
yos,57
deh,57
lsh,57
ofl,57
omu,57
tex,57
rgr,57
rya,57
zyg,57
oha,56
toa,56
ckw,56
ffr,56
goi,56
olk,56
seb,56
dew,56
iae,56
saw,56
eod,56
igs,56
max,56
rax,56
urk,56
nsk,56
otc,56
say,56
eki,55
onh,55
req,55
tsi,55
wol,55
yss,55
iew,55
nra,55
tah,55
fam,55
lso,55
mov,55
onj,55
oze,55
tav,55
uzz,55
fab,55
lks,55
axo,55
hmi,55
jou,55
nua,55
thw,55
xpl,55
ief,54
oir,54
owb,54
cyn,54
dap,54
dda,54
lax,54
taf,54
utb,54
zol,54
anz,54
bso,54
hua,54
loe,54
llm,54
mna,54
noo,54
pub,54
tok,54
civ,54
ilk,54
nzo,54
wra,54
cim,53
irk,53
mum,53
ovo,53
roh,53
rwe,53
rbl,53
dgi,53
eia,53
kni,53
eze,53
gut,53
ilv,53
inb,53
ulm,53
apy,52
awe,52
ghi,52
loq,52
uke,52
wli,52
von,52
aux,52
lya,52
mif,52
ohy,52
ucu,52
deu,52
dha,52
lui,52
nwi,52
agh,52
ako,52
aub,52
ckn,52
exs,52
fti,52
leh,52
odg,52
uve,52
vai,52
aym,51
azz,51
haz,51
hru,51
joi,51
oye,51
ayn,51
iny,51
mee,51
nsf,51
wre,51
bak,51
dsh,51
ksh,51
rur,51
ubd,51
ubu,51
cyl,51
dex,51
ifu,51
kri,51
rnu,51
isg,51
llb,51
lpa,51
enw,50
gho,50
gst,50
hya,50
saf,50
voi,50
ahi,50
dme,50
iko,50
ixe,50
mei,50
umu,50
abd,50
etl,50
nlo,50
rfl,50
tze,50
ugu,50
wak,50
arw,50
bje,50
oho,50
rej,50
ryg,50
seq,50
soi,50
yca,50
afi,50
dau,50
ebl,50
pab,50
bsc,49
bug,49
ddy,49
lfa,49
rdr,49
rss,49
ckh,49
dwi,49
eev,49
orf,49
otl,49
wir,49
ymb,49
yps,49
dho,49
eez,49
ffo,49
isd,49
map,49
ohi,49
rsc,49
tuo,49
ynd,49
fug,49
oog,49
seg,49
soa,49
xil,49
lfo,49
nsv,49
nya,49
teb,49
aby,48
bay,48
ccl,48
ckm,48
eks,48
ieg,48
ndb,48
sob,48
dox,48
dup,48
dwo,48
ifa,48
kai,48
cko,48
hew,48
hwo,48
idy,48
irg,48
jes,48
npl,48
nza,48
diz,48
elc,48
ioi,48
oko,48
eya,47
gop,47
jug,47
ubp,47
wig,47
yvi,47
zas,47
heu,47
icc,47
mye,47
myt,47
olp,47
soo,47
tba,47
yns,47
zoi,47
atm,47
ffa,47
hiv,47
nmi,47
ssm,47
bef,47
mst,47
tui,47
boc,47
cyp,47
gae,47
rcr,47
ygi,47
bah,46
emn,46
hyg,46
kwa,46
lux,46
lwo,46
lyg,46
sug,46
utp,46
vey,46
ywo,46
adh,46
awi,46
dvi,46
gym,46
hyn,46
ryi,46
tsc,46
utw,46
goe,46
hiu,46
ixi,46
nwe,46
dob,46
nze,46
nyc,46
pno,46
tef,46
uie,46
aec,45
esk,45
miz,45
aja,45
cof,45
dad,45
esl,45
fix,45
oak,45
iur,45
orw,45
tew,45
zzi,45
cag,45
fem,45
ggr,45
kid,45
exh,45
gag,45
kys,45
lsa,45
bem,44
giu,44
stf,44
tof,44
tse,44
tso,44
tsu,44
tuc,44
ugi,44
wad,44
doe,44
gig,44
hfu,44
hmo,44
xed,44
xio,44
cky,44
dmo,44
doi,44
gob,44
kur,44
tzs,44
you,44
erj,43
inw,43
nir,43
oam,43
ofa,43
pei,43
chb,43
egm,43
gap,43
wab,43
jas,43
kim,43
olm,43
vad,43
ciu,43
rgy,43
yol,43
bco,43
nib,43
pav,43
xim,43
ypr,43
bif,42
iah,42
thn,42
fos,42
jor,42
lir,42
nsw,42
ruf,42
yba,42
zia,42
beh,42
sba,42
yci,42
dah,42
luv,42
won,42
yac,42
yat,42
miu,42
onw,42
rps,42
sks,42
taw,42
ypa,42
hov,41
iya,41
mix,41
sda,41
dju,41
iaz,41
tfi,41
unu,41
eiv,41
lha,41
ofo,41
rdu,41
rka,41
sfo,41
wie,41
ajo,41
ayo,41
ffu,41
kto,41
sre,41
eft,41
giv,41
pup,41
tbo,41
vap,41
cne,40
lbi,40
ldr,40
ngb,40
bdo,40
fum,40
mli,40
pam,40
tay,40
umn,40
usu,40
ybe,40
aia,40
naz,40
sht,40
tmo,40
vot,40
fei,40
inm,40
ndw,40
eju,40
goa,40
lfu,40
myl,40
rls,40
rvo,40
zym,40
zza,40
bsi,39
dso,39
enk,39
gaz,39
lyo,39
oea,39
ybo,39
hbo,39
hyc,39
idr,39
wid,39
bby,39
cly,39
lpe,39
nhi,39
ttu,39
ulv,39
vei,39
yor,39
ahu,39
cui,39
eug,39
hok,39
sak,39
akh,38
dav,38
dov,38
eio,38
heg,38
pyl,38
uee,38
ulk,38
utf,38
yta,38
afr,38
esv,38
iob,38
jol,38
ndm,38
pud,38
xce,38
afa,38
dsm,38
etw,38
fut,38
lyi,38
oem,38
peg,38
tsm,38
vea,38
wni,38
bui,38
ckf,38
npu,38
oum,38
uam,38
anf,38
aup,38
bei,38
enm,38
kre,38
lms,38
mbs,38
nof,38
pok,38
rct,38
rek,38
tzi,38
xpo,38
yda,38
yge,38
axa,37
kul,37
lyb,37
uki,37
ebb,37
ehy,37
gei,37
jon,37
mcc,37
nsy,37
owt,37
xpr,37
zze,37
agy,37
hug,37
jos,37
lwa,37
ppy,37
pug,37
tym,37
vem,37
lua,37
mok,37
olc,37
rgl,37
sef,37
syr,37
ugl,37
yam,37
imn,37
ixs,37
kro,37
kwo,37
lgo,37
ugs,37
uip,37
aik,36
arh,36
bam,36
inj,36
lce,36
pys,36
wif,36
ypn,36
lup,36
noa,36
sue,36
toz,36
uso,36
ydo,36
jet,36
nbl,36
siz,36
sfi,36
adw,36
dla,36
eun,36
eyi,36
rkl,36
ezi,35
lcu,35
lho,35
moh,35
nhu,35
tov,35
bde,35
biu,35
isy,35
kad,35
kna,35
lpo,35
pum,35
uac,35
vib,35
zab,35
bap,35
ckt,35
eex,35
huc,35
myx,35
pim,35
xat,35
feu,35
gov,35
kea,35
rsv,35
siu,35
tsa,35
dwe,34
eka,34
kem,34
oeb,34
ppu,34
xal,34
eob,34
foc,34
hey,34
kag,34
sko,34
xac,34
ynn,34
dba,34
doa,34
dub,34
hik,34
owm,34
shw,34
stc,34
yab,34
aeu,34
ayb,34
ecy,34
psh,34
rtm,34
sut,34
tik,34
tuf,34
bte,34
khe,34
ndh,34
nja,34
obj,34
obt,34
paw,34
pik,34
ply,34
yga,34
ygr,34
zos,34
ahm,33
anj,33
bew,33
htl,33
joh,33
nub,33
nzi,33
ooc,33
ozi,33
ryc,33
sby,33
stp,33
sud,33
yea,33
ysh,33
bbo,33
dbo,33
euk,33
lty,33
oxo,33
yog,33
boe,33
osk,33
rgh,33
ucr,33
wam,33
zor,33
caf,33
cym,33
jap,33
ngw,33
njo,33
peo,33
uab,33
yen,33
zil,33
aml,33
kyl,33
mmy,33
nbi,33
sfu,33
thf,33
vau,33
wet,33
fav,32
lhe,32
ohn,32
orv,32
sde,32
sof,32
uai,32
xam,32
yrr,32
aal,32
ceb,32
duo,32
egn,32
jin,32
lyr,32
pma,32
wau,32
wav,32
xtu,32
yet,32
dfi,32
ecs,32
eei,32
kip,32
llw,32
oag,32
stn,32
uka,32
xti,32
arq,32
eeb,32
egs,32
elk,32
lfe,32
rdy,32
tfo,32
uia,32
uks,32
unj,32
cak,32
esy,32
hwe,32
lof,32
oxs,32
sow,32
zop,32
aku,31
bae,31
bha,31
itm,31
kah,31
kop,31
kun,31
ndf,31
nje,31
ueb,31
afo,31
ckp,31
due,31
jum,31
zam,31
bub,31
ciz,31
naw,31
raj,31
sov,31
ssb,31
tge,31
hna,31
irn,31
joy,31
shb,31
tco,31
vos,31
xci,31
xie,31
xit,31
ddo,31
gmo,31
ihe,31
nky,31
wro,31
yct,31
cef,30
elw,30
fog,30
hah,30
msh,30
nue,30
psu,30
eif,30
eof,30
eoi,30
maj,30
nry,30
rsl,30
stb,30
ywa,30
bip,30
cud,30
daw,30
gbo,30
kom,30
nox,30
snu,30
tca,30
ubj,30
wma,30
xua,30
ytr,30
eje,30
icn,30
ieu,30
kou,30
kus,30
mew,30
naf,30
ngy,30
ntm,30
rao,30
sae,30
ulb,30
utg,30
vec,30
aos,29
byr,29
cay,29
klo,29
mug,29
nay,29
oui,29
ovs,29
scy,29
ylu,29
ymm,29
goc,29
lox,29
npi,29
sku,29
tbr,29
dbe,29
nsb,29
tev,29
uea,29
uko,29
uot,29
utd,29
uty,29
yah,29
yom,29
cuc,29
dik,29
etz,29
iem,29
ioe,29
lyd,29
oua,29
pew,29
pme,29
pss,29
ugo,29
edm,29
hub,29
iis,29
joc,29
kot,29
oap,29
ouv,29
peu,29
ptr,29
syp,29
toh,29
zal,29
ahl,28
anq,28
bim,28
chp,28
dyi,28
foi,28
gyp,28
ibs,28
ntw,28
pts,28
ssh,28
web,28
anb,28
btr,28
eyn,28
gim,28
llf,28
ooi,28
oyl,28
rnm,28
rua,28
tpr,28
tsp,28
tyc,28
uag,28
adb,28
emy,28
jag,28
kew,28
omf,28
ozz,28
seo,28
aeg,28
cah,28
eef,28
kly,28
kum,28
nmu,28
tsw,28
veg,28
edb,28
fad,28
kap,28
kic,28
odw,28
ofu,28
pif,28
sfe,28
ubf,28
uiv,28
zot,28
asq,27
atf,27
auf,27
edw,27
edy,27
ehi,27
hto,27
ooz,27
oza,27
rsk,27
bop,27
dym,27
eja,27
ejo,27
esw,27
ixt,27
meo,27
mpy,27
pah,27
sax,27
stw,27
fox,27
gac,27
gay,27
gwa,27
iha,27
kbo,27
kov,27
llh,27
puc,27
toy,27
tpo,27
yxo,27
axs,27
cec,27
eul,27
gav,27
jul,27
nru,27
seh,27
shy,27
upu,27
xpa,27
xto,27
yak,27
aar,27
buf,27
dlo,27
dse,27
gwo,27
irb,27
isn,27
ofs,27
rtn,27
sgr,27
uxi,27
ehu,26
kep,26
mse,26
osl,26
pem,26
adn,26
byt,26
cee,26
hud,26
irp,26
jen,26
ouk,26
owr,26
tss,26
atw,26
bdi,26
geb,26
ggy,26
gow,26
hta,26
ilc,26
itn,26
neq,26
nud,26
rtw,26
yoc,26
hba,26
htf,26
kei,26
laf,26
viz,26
wax,26
awb,25
ayw,25
css,25
gew,25
ilf,25
ilg,25
luk,25
mik,25
nhy,25
oei,25
piz,25
tvi,25
unq,25
wde,25
xor,25
cua,25
fag,25
nui,25
piu,25
pyg,25
roj,25
sve,25
uak,25
ubv,25
bep,25
cew,25
dca,25
ewh,25
iin,25
iwa,25
lro,25
upo,25
ybr,25
yho,25
adg,25
aei,25
ihi,25
keb,25
nii,25
oie,25
rez,25
rnb,25
sah,25
ssw,25
tih,25
xcu,25
yod,25
alw,25
bme,25
loh,25
tsk,25
wls,25
chf,24
elg,24
evs,24
ilh,24
lyl,24
mfo,24
ndp,24
ntg,24
nuf,24
pty,24
pyt,24
rmy,24
rye,24
tbu,24
tsv,24
uva,24
aor,24
auk,24
boh,24
erz,24
inp,24
job,24
pyo,24
rhu,24
wah,24
afl,24
ccr,24
coy,24
fta,24
jel,24
lix,24
oje,24
owh,24
owp,24
thb,24
upb,24
ydi,24
ckr,24
ebs,24
gsh,24
kay,24
lfs,24
rtz,24
vip,24
yur,24
zeb,24
anv,24
dva,24
gaw,24
ieb,24
ngf,24
tdo,24
wse,24
xem,24
ysp,24
bok,23
etm,23
ezz,23
giz,23
jig,23
lmu,23
lye,23
odh,23
rdn,23
ryb,23
tfa,23
uqu,23
vsk,23
bey,23
gif,23
jea,23
koo,23
lok,23
moa,23
nwr,23
oue,23
owf,23
sst,23
tlo,23
xec,23
xha,23
xos,23
adf,23
bdu,23
bev,23
dsi,23
elh,23
ewr,23
gda,23
hof,23
mso,23
onz,23
ouf,23
rsm,23
tpa,23
dfu,23
lld,23
oyi,23
pex,23
rrs,23
sra,23
ssp,23
tiq,23
xop,23
ybi,23
isq,23
lyw,23
oeo,23
ogm,23
olb,23
rsw,23
shk,23
tna,23
udr,23
utm,23
wyn,23
ybu,23
yhe,23
aas,22
alr,22
dhi,22
etn,22
jay,22
ooe,22
rdm,22
ugn,22
uos,22
atb,22
fuc,22
gth,22
moz,22
ngm,22
ocs,22
udl,22
afs,22
dsp,22
fow,22
hui,22
jaw,22
rbs,22
rfr,22
umf,22
utz,22
uxs,22
wim,22
yke,22
ylv,22
zis,22
cox,22
dak,22
dii,22
efs,22
ioa,22
ksi,22
mro,22
nax,22
nup,22
vow,22
xip,22
xot,22
zet,22
auv,21
esn,21
kso,21
luf,21
mih,21
nko,21
nlu,21
nyi,21
uxe,21
wap,21
xur,21
yly,21
aji,21
ayt,21
byl,21
cyr,21
dbr,21
dfa,21
eaw,21
ehs,21
enj,21
gef,21
kfi,21
lln,21
ogh,21
akt,21
ctl,21
dna,21
etf,21
eza,21
gey,21
hns,21
ilp,21
jah,21
kaw,21
myd,21
teh,21
tth,21
uod,21
wac,21
wth,21
zit,21
bma,21
chc,21
dfo,21
dth,21
ghl,21
jab,21
opm,21
rld,21
tga,21
wba,21
wbo,21
awd,21
gdo,21
ggs,21
hsh,21
ija,21
knu,21
kok,21
kru,21
kta,21
moy,21
mya,21
nck,21
rcy,21
tbe,21
xag,21
zea,21
ayf,20
bve,20
egy,20
jee,20
lss,20
nph,20
oov,20
rja,20
ssf,20
uze,20
zzo,20
asl,20
awo,20
baz,20
ghb,20
hue,20
ixa,20
lek,20
oyo,20
rpt,20
tsb,20
wbe,20
bov,20
eyl,20
eyv,20
hst,20
ilw,20
jew,20
ldl,20
mey,20
okl,20
sfa,20
tyn,20
uml,20
xcl,20
yag,20
cue,20
dbu,20
gwe,20
kba,20
lbr,20
lgr,20
lwi,20
nkn,20
pey,20
pyc,20
rza,20
tza,20
yok,20
bca,20
bek,20
eik,20
eml,20
esd,20
iak,20
ihy,20
irw,20
kss,20
kwe,20
oep,20
rdw,20
roq,20
uku,20
vok,20
atn,19
aue,19
azu,19
biv,19
buk,19
dye,19
ehr,19
jut,19
kfu,19
loz,19
noh,19
olg,19
onq,19
ozy,19
ryd,19
sik,19
ubg,19
vam,19
adt,19
atz,19
bju,19
bmi,19
ceu,19
ctn,19
eux,19
eym,19
hii,19
kka,19
mib,19
pak,19
rko,19
sgu,19
vee,19
chd,19
dss,19
ipy,19
kme,19
mez,19
ndn,19
otb,19
rnl,19
voy,19
yoi,19
zom,19
aan,19
akl,19
asb,19
bne,19
dya,19
hef,19
kse,19
neh,19
oln,19
vex,19
zir,19
aiv,19
ayd,19
daz,19
huf,19
iho,19
inr,19
isw,19
kke,19
kow,19
ldw,19
lii,19
llc,19
lwe,19
nuo,19
pwo,19
raa,19
rih,19
rir,19
tue,19
veh,19
ysm,19
zem,19
aje,18
eaz,18
ipm,18
iry,18
kef,18
kib,18
lyz,18
mby,18
mep,18
rny,18
skr,18
xod,18
xys,18
yfi,18
zig,18
zim,18
hyb,18
kya,18
ldu,18
ltz,18
niq,18
rfs,18
rkm,18
rze,18
wst,18
xas,18
yru,18
zli,18
adc,18
anw,18
cev,18
cuo,18
dgr,18
eew,18
eyb,18
ezs,18
hox,18
ixo,18
juv,18
lao,18
ntz,18
nzy,18
oia,18
pbo,18
yrt,18
zid,18
ahr,18
aon,18
cey,18
ckc,18
cni,18
ekn,18
enp,18
ffy,18
gmi,18
lsb,18
myi,18
nih,18
pox,18
rml,18
sdo,18
tcr,18
uef,18
uha,18
upc,18
wou,18
wsh,18
zap,18
amr,18
beb,18
daf,18
dpa,18
ezo,18
jai,18
khi,18
koi,18
lky,18
ngk,18
oku,18
otm,18
pps,18
pry,18
rlu,18
vom,18
ycn,18
ayu,17
chk,17
dek,17
edf,17
hek,17
keh,17
ldb,17
ngd,17
noy,17
soe,17
sva,17
uay,17
umv,17
veo,17
wki,17
zur,17
aio,17
baa,17
baw,17
bpr,17
cyb,17
cyo,17
ddu,17
doz,17
eip,17
ggo,17
gss,17
hho,17
hwi,17
hye,17
kup,17
mvi,17
oyn,17
six,17
uft,17
viu,17
yms,17
apn,17
bye,17
feb,17
ifr,17
imy,17
isj,17
kpo,17
llp,17
llt,17
ndt,17
odm,17
oob,17
rdb,17
sbi,17
tfl,17
ufa,17
vah,17
wur,17
xco,17
xoc,17
yie,17
ysc,17
zep,17
amf,17
bez,17
cno,17
erq,17
gry,17
ksm,17
ksp,17
kut,17
ldf,17
lfr,17
lra,17
maa,17
msi,17
nsn,17
otw,17
pye,17
sdi,17
shf,17
sro,17
yid,17
yrm,17
zac,17
awf,16
biz,16
dof,16
duk,16
elr,16
hco,16
jub,16
kvi,16
lyh,16
oig,16
raq,16
rnf,16
tek,16
yad,16
yxi,16
aol,16
arz,16
etb,16
gyl,16
ifs,16
kof,16
lgu,16
maw,16
mef,16
muf,16
nkh,16
ubh,16
waf,16
xta,16
aev,16
avu,16
bti,16
cuf,16
dja,16
dsv,16
eah,16
eea,16
geu,16
hbu,16
hup,16
iau,16
idw,16
itw,16
jis,16
lfl,16
meb,16
naa,16
nix,16
nkt,16
oex,16
suk,16
tni,16
tya,16
dut,16
exy,16
inx,16
lri,16
ndg,16
nok,16
noz,16
ohu,16
oim,16
pek,16
pob,16
sek,16
tyi,16
uem,16
wwo,16
xyg,16
yap,16
ygm,16
yzo,16
avy,16
ayr,16
bta,16
cok,16
dds,16
dix,16
dsc,16
dyt,16
ehm,16
gns,16
hpo,16
hvi,16
iwi,16
mav,16
oww,16
pue,16
pwa,16
riq,16
rtf,16
syb,16
tyo,16
uny,16
yit,16
ywi,16
azy,15
dui,15
eib,15
eiz,15
jim,15
mfu,15
mho,15
mow,15
oby,15
owc,15
pef,15
rje,15
uav,15
uly,15
utn,15
wme,15
wnl,15
abn,15
anr,15
bbr,15
dga,15
eyd,15
gba,15
gip,15
htn,15
iln,15
iox,15
jad,15
jov,15
koe,15
lni,15
mfi,15
ndc,15
oja,15
opn,15
pov,15
yaw,15
ymy,15
zoc,15
ahy,15
anm,15
anp,15
awt,15
fne,15
gfi,15
ihu,15
ilr,15
jil,15
kod,15
oml,15
poa,15
rju,15
shc,15
tcl,15
tmi,15
wla,15
xhi,15
awm,15
hbe,15
iml,15
itf,15
jal,15
kbe,15
kti,15
kwi,15
pfu,15
pki,15
rby,15
shp,15
tgr,15
uon,15
vre,15
wye,15
axy,15
ddr,15
dts,15
fue,15
inz,15
iov,15
irv,15
kak,15
kau,15
kio,15
kyr,15
llr,15
maf,15
nsd,15
nuk,15
odc,15
ofr,15
puf,15
rkh,15
taz,15
usb,15
vif,15
wiv,15
xcr,15
xpu,15
zip,15
bik,14
dud,14
ekk,14
gah,14
hao,14
iep,14
jib,14
lvo,14
mek,14
muz,14
mwo,14
nek,14
oae,14
oio,14
spy,14
wke,14
yfo,14
bno,14
cdo,14
egh,14
eoe,14
eyo,14
fay,14
foe,14
fto,14
gec,14
hoy,14
iof,14
kaz,14
kbi,14
nvu,14
obd,14
rij,14
rsb,14
std,14
ufi,14
uif,14
wdi,14
zai,14
aam,14
alh,14
bho,14
dno,14
evr,14
ewl,14
fio,14
foa,14
gbe,14
guy,14
huk,14
iun,14
ivu,14
ldn,14
meu,14
mnu,14
mra,14
nez,14
oau,14
oeh,14
pez,14
rdh,14
rnh,14
rsy,14
ubn,14
uoi,14
upg,14
usy,14
uxo,14
xpi,14
yfu,14
zad,14
aip,14
biq,14
bsu,14
ddh,14
hfi,14
hsi,14
nug,14
oev,14
orz,14
pco,14
rdt,14
tbi,14
tey,14
tki,14
xol,14
yrs,14
zio,14
ckd,14
evu,14
ewt,14
hms,14
hyi,14
ijo,14
ikk,14
jav,14
lna,14
lpr,14
mue,14
ngc,14
nyo,14
oky,14
rnt,14
ufe,14
uig,14
wso,14
xom,14
agd,13
ayc,13
bbs,13
caj,13
eko,13
geh,13
htw,13
kaf,13
klu,13
lcy,13
lpu,13
ntf,13
ovu,13
ueu,13
uib,13
umd,13
vog,13
vra,13
wks,13
wsi,13
xog,13
yha,13
yus,13
akr,13
chg,13
dch,13
dco,13
ftl,13
gnu,13
hke,13
kev,13
mla,13
mri,13
oyd,13
rnw,13
tpe,13
tsy,13
uei,13
uja,13
uxu,13
xle,13
ymu,13
ysu,13
zee,13
bch,13
dfl,13
eoa,13
feo,13
hoh,13
htm,13
joa,13
msa,13
nkf,13
nye,13
ojo,13
pax,13
ruk,13
sok,13
tug,13
uae,13
vro,13
zec,13
zog,13
adp,13
arj,13
awr,13
doh,13
edh,13
eeh,13
eyw,13
ieh,13
ipn,13
jem,13
lih,13
lko,13
mca,13
meh,13
msc,13
olw,13
osw,13
otp,13
tao,13
uec,13
vik,13
vys,13
yem,13
ygl,13
aju,12
cku,12
dih,12
eox,12
gya,12
isv,12
joe,12
mly,12
nji,12
nwh,12
oym,12
pbr,12
puk,12
rwh,12
ryv,12
ryw,12
sge,12
sps,12
tgu,12
upf,12
uya,12
wey,12
xca,12
ypl,12
yza,12
ahn,12
akk,12
awy,12
cig,12
coq,12
dhu,12
eln,12
fae,12
hpa,12
jau,12
ksa,12
ldm,12
odb,12
ohm,12
sga,12
ssc,12
tbl,12
tdr,12
thc,12
tpi,12
tpl,12
ugm,12
uiz,12
uzi,12
wto,12
ytt,12
asn,12
bsa,12
dje,12
dsw,12
eie,12
epy,12
fma,12
gwi,12
hbr,12
jit,12
kda,12
kif,12
kob,12
kpi,12
kry,12
ltl,12
lvu,12
ngp,12
obv,12
osn,12
soh,12
tja,12
udy,12
zul,12
abj,12
amw,12
avr,12
ayp,12
bcl,12
btu,12
buz,12
chh,12
dvo,12
ewb,12
fot,12
fty,12
gnm,12
hls,12
hty,12
keg,12
keo,12
ohl,12
ohs,12
owo,12
uvr,12
vod,12
xar,12
yuc,12
yuk,12
zei,12
agw,12
aie,12
baj,12
bvi,12
ccy,12
ceg,12
dey,12
ecd,12
ekl,12
eui,12
faw,12
ftw,12
hki,12
kbu,12
kdo,12
lps,12
lsk,12
mda,12
oax,12
ouz,12
saa,12
umc,12
urw,12
veb,12
vus,12
zeu,12
aiz,11
dbi,11
dni,11
dsb,11
duf,11
euv,11
eyf,11
eyr,11
hch,11
ikh,11
iut,11
lpt,11
lry,11
mcg,11
odf,11
oeu,11
rtb,11
ufo,11
urh,11
wip,11
ypy,11
ywe,11
zou,11
avs,11
bhu,11
bwo,11
caw,11
dcr,11
dez,11
dyk,11
ekt,11
fif,11
ghu,11
gud,11
guo,11
hka,11
jak,11
lcr,11
liw,11
myg,11
nkr,11
nku,11
olh,11
pbe,11
sox,11
thp,11
udu,11
xig,11
zma,11
agb,11
aky,11
bii,11
efy,11
ewd,11
ewm,11
fev,11
haa,11
itb,11
kav,11
khu,11
mex,11
oxb,11
rkn,11
sru,11
thd,11
twr,11
usq,11
vla,11
wfi,11
wry,11
xab,11
xyc,11
yun,11
zak,11
acm,11
amt,11
atp,11
buy,11
coz,11
dpi,11
gep,11
hda,11
hdo,11
hoz,11
iwo,11
jeh,11
ldh,11
lpl,11
ltm,11
maq,11
ogb,11
pda,11
peb,11
poy,11
pui,11
rcs,11
rtg,11
sgo,11
tii,11
tpu,11
uaw,11
uim,11
usm,11
vak,11
wsk,11
ytu,11
abh,11
cyg,11
dji,11
dki,11
dsa,11
gev,11
gfu,11
gta,11
hca,11
hlu,11
hso,11
lsv,11
mss,11
oab,11
oik,11
omr,11
opw,11
owg,11
pca,11
rky,11
sbr,11
sgi,11
uey,11
uji,11
uum,11
uza,11
aou,10
buo,10
cma,10
cza,10
dug,10
ehn,10
fuz,10
gub,10
ipc,10
ivv,10
jaz,10
llv,10
mwa,10
omt,10
owy,10
paz,10
rvu,10
skl,10
ukk,10
uol,10
urz,10
utv,10
uys,10
wca,10
wte,10
xib,10
yfl,10
ysv,10
adz,10
bda,10
dpl,10
dpr,10
dyo,10
edc,10
hsa,10
idh,10
jef,10
kki,10
laq,10
lsm,10
osq,10
peh,10
pfi,10
pib,10
pyi,10
rdf,10
stt,10
tfe,10
tva,10
waw,10
wfu,10
wiz,10
xel,10
ygd,10
acn,10
aib,10
anx,10
aoi,10
axt,10
bej,10
bof,10
bue,10
eeg,10
fiz,10
fry,10
hhe,10
iku,10
kac,10
nkw,10
puz,10
rwr,10
suo,10
ugr,10
upw,10
wbr,10
xch,10
xif,10
xiv,10
xus,10
ycu,10
aua,10
bsp,10
btl,10
dto,10
ekh,10
eub,10
few,10
gaf,10
ghn,10
gsm,10
hga,10
iao,10
iei,10
ipw,10
irh,10
ksb,10
nyw,10
owk,10
pwe,10
ryx,10
stv,10
ukh,10
uoy,10
vri,10
aot,10
ayg,10
dok,10
edt,10
heq,10
iav,10
iif,10
jat,10
laa,10
mch,10
oaf,10
obn,10
okk,10
opf,10
ptn,10
rzi,10
sii,10
tda,10
uap,10
ueh,10
vae,10
vim,10
wnd,10
wsp,10
wun,10
xap,10
aat,9
ayh,9
ctf,9
deq,9
dsl,9
eyt,9
fud,9
gti,9
hdr,9
idm,9
igy,9
imr,9
ipb,9
kfa,9
kfo,9
kik,9
kmo,9
lby,9
mci,9
mck,9
mfr,9
miv,9
mox,9
mpb,9
ogw,9
osb,9
piq,9
rkw,9
shv,9
thh,9
uev,9
ufl,9
upd,9
uye,9
wly,9
xyt,9
yau,9
yev,9
yum,9
ywh,9
zzy,9
alz,9
apb,9
apm,9
awp,9
baf,9
boz,9
ckv,9
cze,9
dbl,9
eov,9
eoz,9
fah,9
fod,9
hpi,9
htr,9
iez,9
kec,9
koh,9
lbl,9
llg,9
lsu,9
mlo,9
muk,9
oyc,9
pba,9
pix,9
pph,9
rck,9
rdv,9
rsn,9
tye,9
xho,9
xyp,9
yxs,9
yze,9
zif,9
ziz,9
dej,9
dyc,9
ebt,9
htu,9
iby,9
iye,9
jod,9
jok,9
kko,9
mao,9
mof,9
nkb,9
ogd,9
otf,9
oux,9
oxh,9
phn,9
ruv,9
ruz,9
soy,9
utj,9
wdo,9
xul,9
yae,9
ybl,9
yeb,9
yob,9
zoe,9
aep,9
bna,9
byi,9
dpo,9
dsk,9
dyp,9
ehl,9
fax,9
gao,9
ghm,9
hrs,9
hse,9
ibn,9
igw,9
ivy,9
kch,9
koc,9
lej,9
lkl,9
mti,9
pdo,9
pfe,9
pth,9
sju,9
ssr,9
uhe,9
uio,9
vew,9
wow,9
xfo,9
ygn,9
zic,9
apw,9
bhe,9
bpa,9
cao,9
dti,9
ewf,9
fak,9
gso,9
hnu,9
hva,9
iai,9
iax,9
iju,9
izs,9
jog,9
ksl,9
mfl,9
miq,9
myz,9
nyx,9
pni,9
poz,9
psc,9
rkb,9
rnn,9
rzo,9
syt,9
tke,9
ubw,9
udh,9
udw,9
uez,9
unz,9
voo,9
wmo,9
wnt,9
wog,9
yee,9
zob,9
ahd,8
asw,8
atk,8
awh,8
bav,8
bbu,8
bsh,8
bto,8
cna,8
djo,8
dsu,8
dyb,8
eow,8
epw,8
euo,8
fys,8
iit,8
irf,8
jui,8
lez,8
lsp,8
lyf,8
lzi,8
nxi,8
oji,8
opb,8
opk,8
pfl,8
piv,8
quy,8
rnd,8
rtc,8
tgo,8
tka,8
tuk,8
umr,8
weg,8
yia,8
ynu,8
ysl,8
ysy,8
amh,8
dgm,8
dzh,8
ftm,8
gch,8
ghf,8
ghr,8
hpr,8
iwe,8
khs,8
ksc,8
ksv,8
lkh,8
lze,8
msp,8
myn,8
nao,8
ngg,8
okm,8
otz,8
oxt,8
pgr,8
pmo,8
scs,8
sya,8
tde,8
tzo,8
vov,8
wdr,8
wob,8
yrn,8
yul,8
zah,8
zaz,8
zwi,8
ahw,8
amd,8
asd,8
azs,8
bss,8
cye,8
eyc,8
fim,8
gii,8
goy,8
haj,8
itp,8
kao,8
kbr,8
kpa,8
kua,8
mfe,8
mpm,8
ndd,8
nsg,8
odp,8
oey,8
ogt,8
psp,8
rdc,8
riy,8
rnc,8
rnp,8
stg,8
ucs,8
ueg,8
uwa,8
wov,8
wss,8
xob,8
xyr,8
ycr,8
ylp,8
yrh,8
ysb,8
zag,8
aef,8
asg,8
avl,8
bwa,8
cek,8
ckg,8
csi,8
eue,8
ewp,8
eyp,8
ffm,8
gbi,8
gbu,8
ghw,8
hbi,8
hdi,8
hij,8
hmu,8
iji,8
ioh,8
jot,8
kiv,8
kva,8
ldt,8
ldy,8
mcn,8
mde,8
mpk,8
msb,8
ncs,8
ntb,8
ntc,8
oou,8
owz,8
pch,8
poh,8
ptl,8
shg,8
suz,8
tht,8
tls,8
tve,8
tyt,8
wbi,8
wop,8
wti,8
wyc,8
ydn,8
yki,8
ylc,8
yve,8
afu,7
aui,7
beo,7
bpe,7
dcl,7
duv,7
etp,7
fuf,7
huz,7
iea,7
ltw,7
mui,7
ndv,7
odt,7
oef,7
pbu,7
pya,7
sdr,7
soz,7
ttv,7
uah,7
uhl,7
uju,7
vvi,7
wfo,7
wnw,7
wpo,7
wya,7
xah,7
ybd,7
ynx,7
ypu,7
zha,7
amc,7
apd,7
axw,7
bcu,7
bfu,7
dfe,7
dta,7
dzo,7
evy,7
fey,7
fth,7
hfo,7
hha,7
jow,7
kae,7
kte,7
kub,7
lkw,7
lmy,7
lqu,7
mco,7
mki,7
mml,7
mwe,7
nkm,7
nyb,7
okt,7
ruo,7
ryf,7
tiw,7
vii,7
wdy,7
xma,7
yeh,7
yfa,7
yug,7
ywr,7
aif,7
azl,7
bge,7
bpo,7
bup,7
byc,7
elz,7
exf,7
fom,7
ghh,7
hfa,7
iek,7
iul,7
muh,7
nyt,7
ooh,7
pof,7
rjo,7
udb,7
upm,7
uzo,7
vur,7
waz,7
wbu,7
wdl,7
woe,7
wpi,7
yof,7
zum,7
awc,7
beq,7
beu,7
bfo,7
bjo,7
bni,7
cst,7
ctm,7
dcu,7
dyw,7
epf,7
ewn,7
ffn,7
gsb,7
gug,7
hde,7
hgo,7
iia,7
itk,7
keu,7
lsc,7
mcl,7
mpf,7
msm,7
oek,7
okr,7
otn,7
sdu,7
tez,7
ugw,7
uom,7
uop,7
vef,7
wsm,7
ylt,7
abk,7
agt,7
edv,7
eoh,7
esf,7
gdi,7
gfo,7
gsp,7
hih,7
igf,7
imf,7
ipf,7
jej,7
jiv,7
ksw,7
nps,7
ohr,7
opc,7
ozl,7
pwi,7
sfr,7
sjo,7
sri,7
syi,7
uhr,7
vvy,7
wfl,7
wny,7
wpe,7
xts,7
xym,7
yny,7
yup,7
zew,7
aiy,6
akf,6
axl,6
bce,6
bfi,6
cuz,6
dfr,6
dlu,6
dyg,6
fiv,6
gpi,6
guf,6
hfl,6
iex,6
jeo,6
koa,6
kth,6
kyt,6
lkm,6
lyu,6
mte,6
mwi,6
nkp,6
nxs,6
obw,6
ogf,6
oif,6
oxf,6
sao,6
syd,6
tyh,6
tzk,6
vep,6
whu,6
wnb,6
xya,6
yoh,6
zod,6
zun,6
apf,6
bax,6
cyd,6
exl,6
fov,6
fsh,6
gof,6
hcr,6
heh,6
idt,6
ivs,6
jik,6
jua,6
ldc,6
lfh,6
lno,6
mto,6
mve,6
nmy,6
rux,6
ryu,6
shh,6
smy,6
sye,6
uep,6
uus,6
wod,6
wot,6
wsw,6
xaz,6
ylm,6
yow,6
zbu,6
zek,6
zib,6
zys,6
aeb,6
agp,6
ahv,6
aoc,6
asv,6
azd,6
biy,6
buh,6
caz,6
dgu,6
epc,6
ewc,6
fsk,6
huy,6
imw,6
kiw,6
mii,6
nrh,6
odn,6
puy,6
rdp,6
rkf,6
rmb,6
sze,6
tcu,6
tgl,6
tno,6
tvo,6
tyf,6
umy,6
wna,6
woc,6
wos,6
xad,6
zho,6
atd,6
bcr,6
bex,6
bij,6
doy,6
etk,6
feg,6
gsa,6
gsi,6
guz,6
hko,6
jia,6
jir,6
juk,6
kud,6
kuk,6
lgh,6
lnu,6
mce,6
mdi,6
mha,6
mpn,6
oav,6
okh,6
okw,6
otg,6
paq,6
pyx,6
rmn,6
rvy,6
saz,6
tdi,6
tje,6
tsl,6
ttm,6
udf,6
ufr,6
ugb,6
ulh,6
umg,6
uxa,6
wco,6
wep,6
wof,6
yds,6
yew,6
yox,6
zba,6
bhi,6
bua,6
bux,6
bwe,6
ceh,6
chv,6
cii,6
ckj,6
ckk,6
dax,6
eby,6
emf,6
epm,6
epn,6
ewy,6
fop,6
ftb,6
gfe,6
htc,6
ioz,6
kaa,6
kaj,6
ksu,6
kve,6
kyn,6
lft,6
lre,6
lyv,6
mdu,6
paa,6
pao,6
tph,6
ulr,6
umt,6
uvu,6
voe,6
wnf,6
wnh,6
xhu,6
xse,6
xyb,6
yry,6
zae,6
zus,6
abc,5
aod,5
atv,5
ayv,5
bfa,5
bmo,5
byp,5
caa,5
cgr,5
dgy,5
edp,5
epd,5
gwy,5
hpe,5
igb,5
irz,5
jez,5
kyb,5
laj,5
ltf,5
mev,5
odk,5
omw,5
osg,5
ouq,5
oxc,5
pfa,5
pfo,5
psk,5
psw,5
rmf,5
rmw,5
rpy,5
rsd,5
taj,5
thv,5
tsf,5
tyb,5
tyg,5
udm,5
ukr,5
ulw,5
upy,5
utk,5
uxt,5
vka,5
vop,5
vum,5
wch,5
wik,5
wul,5
wyl,5
ycy,5
yep,5
yrl,5
zof,5
adk,5
aee,5
aii,5
akm,5
auz,5
axm,5
bnu,5
bsl,5
bya,5
cth,5
dwr,5
ecp,5
eky,5
fdo,5
fft,5
fme,5
gaa,5
gki,5
gte,5
hve,5
ilz,5
jed,5
jra,5
kue,5
kym,5
kyu,5
lsw,5
lsy,5
mcd,5
mcr,5
moj,5
mpw,5
mre,5
msk,5
mtr,5
nnh,5
oah,5
obc,5
pga,5
riw,5
rkt,5
ryk,5
tcy,5
ttn,5
udn,5
uew,5
wae,5
wgr,5
wpa,5
yeo,5
yeu,5
yld,5
abm,5
aht,5
aiw,5
akw,5
auh,5
bfe,5
bih,5
bmu,5
byz,5
cme,5
cph,5
cso,5
dmu,5
enq,5
ezu,5
fef,5
ftn,5
gny,5
gyi,5
hiq,5
hpl,5
hyx,5
izy,5
kiu,5
kja,5
ktr,5
kyi,5
mms,5
ndj,5
nsq,5
nxe,5
ocn,5
odz,5
oxu,5
ozs,5
pdr,5
pej,5
rkp,5
rku,5
rlb,5
ruy,5
ryz,5
soj,5
suv,5
taa,5
uaf,5
uby,5
vaa,5
wfa,5
wok,5
wus,5
wwa,5
xvi,5
yei,5
ylg,5
zhi,5
zuc,5
zyl,5
zzb,5
aab,5
afg,5
auq,5
auw,5
cmi,5
dyf,5
emd,5
esr,5
euf,5
euh,5
fca,5
feh,5
fik,5
guj,5
hez,5
htb,5
hwh,5
iow,5
jae,5
jic,5
jid,5
kek,5
kpl,5
kyo,5
lcl,5
lns,5
mga,5
oju,5
opd,5
pev,5
rff,5
rkr,5
rsq,5
sih,5
syw,5
tfr,5
tjo,5
tmu,5
ufs,5
uyl,5
vav,5
vlo,5
vyi,5
wds,5
xbo,5
xsu,5
xwo,5
ygy,5
yir,5
yut,5
aae,5
aaf,5
agf,5
arx,5
ayy,5
byn,5
byo,5
dke,5
elj,5
epb,5
eua,5
evl,5
fex,5
foy,5
fst,5
gco,5
gko,5
gsl,5
gtr,5
hny,5
hsc,5
idp,5
ikr,5
iok,5
jaq,5
jeb,5
jeu,5
joo,5
kca,5
ksk,5
ltc,5
lyk,5
lyx,5
naj,5
oxl,5
psm,5
rmh,5
rtt,5
ruh,5
rvs,5
skn,5
twh,5
ucy,5
uix,5
umw,5
vli,5
vve,5
wnn,5
xae,5
xli,5
xne,5
yfe,5
yja,5
ykn,5
ypp,5
yxe,5
yzi,5
zeo,5
zoh,5
zpa,5
aww,4
bgo,4
bgr,4
bkh,4
bsm,4
dao,4
dyv,4
eii,4
eyh,4
fiy,4
gak,4
ghd,4
ghy,4
gka,4
guc,4
hcl,4
hqu,4
hsm,4
iaf,4
igt,4
ije,4
imc,4
kfl,4
kiy,4
kyp,4
leq,4
lff,4
lfp,4
lru,4
ltn,4
ltp,4
mbd,4
mhe,4
mij,4
mns,4
ntp,4
oeq,4
olz,4
ovy,4
oyf,4
paj,4
pke,4
pua,4
sej,4
sfl,4
shd,4
swr,4
tix,4
weh,4
wum,4
zbe,4
zca,4
zda,4
zzs,4
aac,4
abt,4
acd,4
atg,4
bfr,4
bph,4
bth,4
duu,4
dze,4
eij,4
eji,4
emc,4
emv,4
evn,4
fbo,4
gmu,4
gsv,4
gup,4
hgr,4
hoj,4
imd,4
izm,4
kco,4
kgr,4
kht,4
kmi,4
koz,4
lbs,4
ldp,4
lgy,4
luh,4
mdo,4
mth,4
nzs,4
obf,4
olr,4
omc,4
omd,4
opg,4
pfr,4
pyh,4
rtv,4
sfy,4
skj,4
ssk,4
syu,4
taq,4
tci,4
tlu,4
tyd,4
tzm,4
umh,4
urq,4
uyo,4
vna,4
vyn,4
wnc,4
xeg,4
xub,4
yaf,4
yec,4
yfy,4
yip,4
ylb,4
yrd,4
ysk,4
zhe,4
zsc,4
aiu,4
bfl,4
bgl,4
bix,4
bvo,4
byw,4
diw,4
dyd,4
ebn,4
eiu,4
evv,4
exm,4
ffh,4
fho,4
fsa,4
gaj,4
gde,4
gfa,4
gpo,4
hbl,4
hcu,4
hyu,4
idf,4
iyo,4
jep,4
kih,4
kku,4
koy,4
lfw,4
liy,4
mcm,4
msg,4
naq,4
niw,4
nuz,4
oaz,4
orq,4
ouj,4
oyu,4
pbi,4
pii,4
ssv,4
svo,4
thg,4
tij,4
tqu,4
ufu,4
umk,4
uyt,4
vle,4
waa,4
wda,4
why,4
wia,4
wpl,4
xhe,4
yty,4
zik,4
aad,4
aag,4
aap,4
afn,4
azt,4
bao,4
byh,4
caq,4
dgl,4
drs,4
dte,4
dwy,4
eax,4
egb,4
ewg,4
faf,4
fco,4
ffc,4
ftp,4
gsw,4
haq,4
hgu,4
ibw,4
igd,4
izu,4
juj,4
jup,4
kcl,4
kjo,4
kuc,4
kuh,4
kyw,4
lct,4
lll,4
lza,4
mbm,4
mcf,4
msu,4
nby,4
ngv,4
nkg,4
nsr,4
ntd,4
oeg,4
oib,4
oix,4
okb,4
otk,4
ouh,4
pcr,4
pwr,4
qad,4
rdg,4
rfb,4
rfm,4
toq,4
tzv,4
uhi,4
uik,4
uje,4
usg,4
wga,4
wlo,4
wsb,4
wsl,4
xme,4
yao,4
ydd,4
yoe,4
yvo,4
zef,4
zov,4
zra,4
abw,3
ahh,3
akn,3
amk,3
aop,3
avv,3
axu,3
bki,3
cfa,3
dhs,3
dqu,3
eai,3
ebc,3
esg,3
euz,3
fez,3
ffb,3
fgh,3
fha,3
fki,3
fse,3
gby,3
gek,3
gfr,3
gnl,3
hpu,3
hrm,3
huh,3
huj,3
ijs,3
itg,3
jux,3
kfe,3
kgo,3
kog,3
kpe,3
kpr,3
lfb,3
mbh,3
mge,3
miw,3
mke,3
msd,3
msf,3
ndk,3
ntj,3
ntv,3
nyh,3
nzu,3
omk,3
orj,3
ouw,3
pja,3
rmt,3
rsf,3
ttw,3
tyw,3
tyx,3
tzp,3
uky,3
usz,3
uun,3
uzs,3
wnp,3
woa,3
wzi,3
xbu,3
xfi,3
xly,3
xmo,3
xsa,3
yai,3
yhy,3
yim,3
yko,3
zue,3
aiq,3
akd,3
avd,3
cde,3
cuy,3
diy,3
eey,3
eix,3
faq,3
fba,3
fsc,3
fwi,3
gms,3
gpa,3
gpu,3
gwu,3
gye,3
gza,3
hax,3
hge,3
hnn,3
ixl,3
jaj,3
kcr,3
ksn,3
kyd,3
lgl,3
lhy,3
luz,3
lwh,3
mbf,3
mrs,3
mta,3
myk,3
nnw,3
ntt,3
ovk,3
owv,3
oyt,3
quu,3
rxi,3
sny,3
spn,3
tej,3
trs,3
tsd,3
twy,3
tzy,3
ueo,3
usw,3
uzb,3
veu,3
vya,3
wvi,3
wyo,3
wys,3
xsi,3
yeg,3
yik,3
ylk,3
yva,3
zav,3
zko,3
zox,3
aeq,3
aih,3
akb,3
avn,3
awg,3
bci,3
bsb,3
cba,3
ccs,3
cnu,3
dgo,3
ebd,3
ekp,3
exq,3
eyg,3
fhe,3
fwa,3
gmy,3
goh,3
gsk,3
hsp,3
hss,3
ibc,3
idc,3
ikv,3
imh,3
khm,3
kii,3
kkn,3
kuy,3
ldv,3
lfc,3
lij,3
lja,3
mgt,3
mja,3
nej,3
nyn,3
oai,3
ofn,3
pyk,3
qur,3
rgn,3
rji,3
rkd,3
rkv,3
rzs,3
syk,3
szs,3
tzu,3
uaz,3
uej,3
ujo,3
ukl,3
ulz,3
usd,3
utq,3
uwe,3
uyi,3
uyu,3
uzu,3
vay,3
vni,3
xii,3
xqu,3
xuv,3
yck,3
yef,3
yey,3
ygu,3
yic,3
ylh,3
yov,3
ysg,3
zaf,3
zeg,3
zlo,3
zuk,3
zva,3
aaa,3
aau,3
alq,3
apk,3
asf,3
asr,3
asz,3
auu,3
axb,3
azm,3
bke,3
bsk,3
cda,3
cmo,3
csa,3
cuv,3
dhr,3
dnu,3
dpe,3
ecb,3
eku,3
eok,3
esz,3
ewu,3
ezl,3
ezr,3
fbe,3
ffw,3
fpe,3
fuj,3
geg,3
ggu,3
ghg,3
gju,3
gyt,3
hhi,3
hix,3
htp,3
hux,3
idj,3
iey,3
igz,3
ijn,3
isz,3
itv,3
jda,3
jna,3
khl,3
kig,3
ktu,3
lcm,3
lcs,3
ldg,3
ljo,3
lpf,3
ltb,3
lwy,3
mdr,3
mhi,3
mpp,3
msl,3
muj,3
mup,3
ngj,3
nhs,3
nyr,3
oee,3
ogc,3
okn,3
psl,3
pyn,3
rmc,3
rnv,3
siw,3
skw,3
ssd,3
swu,3
thq,3
toj,3
vev,3
wnm,3
wsa,3
wts,3
xey,3
xoi,3
xud,3
xuo,3
xwe,3
xyd,3
yaz,3
yrg,3
zaa,3
zna,3
zni,3
zwa,3
ahg,3
aij,3
aix,3
ajs,3
amg,3
aom,3
apc,3
bcs,3
bpl,3
byg,3
cdy,3
cns,3
coj,3
cuu,3
dhy,3
dij,3
dls,3
dnt,3
dph,3
dzi,3
eeq,3
egw,3
eih,3
exd,3
faz,3
fch,3
fob,3
fwo,3
ghp,3
goz,3
gyg,3
hej,3
hiy,3
hja,3
ihs,3
ikl,3
ixy,3
kfr,3
kgu,3
kty,3
kye,3
lkv,3
lml,3
lmm,3
lwr,3
mbp,3
mru,3
msv,3
msy,3
mvo,3
nij,3
nnl,3
oew,3
ofy,3
omv,3
oox,3
osz,3
owu,3
oyp,3
pgi,3
pje,3
pka,3
pkn,3
pmi,3
psb,3
qab,3
qat,3
qin,3
rfc,3
sds,3
sja,3
sje,3
skm,3
teq,3
tju,3
tko,3
ttg,3
uau,3
uhs,3
uiu,3
ukt,3
urj,3
vda,3
vox,3
vue,3
wef,3
wfe,3
wgi,3
wkn,3
wkw,3
wup,3
xau,3
xet,3
xoa,3
xyh,3
xyu,3
yez,3
yka,3
ynk,3
yoo,3
yub,3
yzy,3
zky,3
zne,3
zoy,3
zst,3
zte,3
zuz,3
zyb,3
akc,2
alj,2
amj,2
amz,2
apj,2
atj,2
auj,2
bms,2
boj,2
bsy,2
bts,2
bva,2
bwh,2
cgu,2
cse,2
dpu,2
dtr,2
dyh,2
ebm,2
ebw,2
etd,2
eww,2
ezy,2
fbi,2
fna,2
fss,2
fub,2
fuh,2
gca,2
gsc,2
gva,2
gvi,2
gyb,2
gyv,2
hdu,2
icm,2
idv,2
ixm,2
jaa,2
kbl,2
kdr,2
ksd,2
kwr,2
lju,2
lkt,2
llk,2
lvy,2
mbn,2
mze,2
niy,2
nnv,2
nuy,2
obh,2
ooj,2
osr,2
oxw,2
oyr,2
pbl,2
pci,2
pcl,2
pvi,2
rdd,2
rlt,2
rnr,2
ruw,2
ryh,2
saj,2
sbl,2
syf,2
tce,2
tiy,2
tuv,2
tux,2
udc,2
uvo,2
vek,2
vix,2
wem,2
wib,2
wnr,2
wyk,2
xsc,2
xtl,2
yek,2
yhi,2
ymr,2
yoa,2
yoz,2
ysn,2
ysw,2
yua,2
zbo,2
zeh,2
zey,2
zmi,2
zug,2
acb,2
aew,2
afy,2
ahc,2
axp,2
bns,2
btf,2
cbe,2
daq,2
ddf,2
ebf,2
eej,2
efd,2
emr,2
emt,2
emw,2
fda,2
fpr,2
frs,2
fuk,2
fyl,2
gpr,2
grs,2
gsd,2
guh,2
guv,2
iaa,2
ibh,2
icq,2
imk,2
ipk,2
irq,2
itj,2
iup,2
ivr,2
izl,2
jev,2
jie,2
juc,2
kmu,2
kts,2
lhi,2
lkn,2
lmc,2
lmd,2
lpm,2
mfa,2
mgu,2
miy,2
moq,2
mry,2
ngz,2
nyp,2
omh,2
otd,2
ovn,2
ovr,2
ozn,2
pcu,2
pdi,2
pmu,2
psv,2
rlp,2
rmp,2
rng,2
ruj,2
rwy,2
skf,2
skh,2
snt,2
suw,2
syo,2
syz,2
szt,2
tgi,2
tji,2
tnu,2
tuu,2
tuy,2
tyk,2
tzl,2
udz,2
uhn,2
usf,2
uwo,2
vaw,2
vej,2
wbl,2
wec,2
wez,2
wiy,2
wll,2
wmi,2
wng,2
woh,2
wta,2
wyd,2
xbe,2
xea,2
xoe,2
xsh,2
xso,2
yiz,2
yqu,2
yts,2
zaw,2
zto,2
aai,2
aak,2
ajp,2
ajr,2
amv,2
aqi,2
aqs,2
avg,2
ayk,2
cax,2
cdi,2
cds,2
cgi,2
cms,2
cmu,2
crc,2
csc,2
ctt,2
dgw,2
dzu,2
ecq,2
edk,2
eeu,2
eoo,2
etg,2
etv,2
ffp,2
fka,2
gdr,2
ghc,2
gik,2
gnt,2
gpl,2
hjo,2
ijk,2
ikt,2
imt,2
iuc,2
iuk,2
izb,2
jom,2
jop,2
kju,2
kuz,2
lck,2
lfd,2
lhu,2
lku,2
lmh,2
lpy,2
lsd,2
luy,2
mcq,2
mcs,2
mej,2
mka,2
mlu,2
msw,2
mts,2
nnn,2
nyu,2
nzb,2
obm,2
ogp,2
ohb,2
opj,2
ouy,2
oyg,2
ozh,2
peq,2
pgu,2
ptw,2
puj,2
pyd,2
rhs,2
rlf,2
rlw,2
rwu,2
ryr,2
saq,2
sgl,2
tdu,2
tnt,2
tzb,2
ufk,2
uij,2
uok,2
usr,2
uws,2
vug,2
wev,2
wps,2
wpu,2
wsc,2
wut,2
wwe,2
wze,2
xai,2
xeo,2
xum,2
yaj,2
yaq,2
ybb,2
yby,2
yks,2
ynh,2
yrc,2
yxa,2
yya,2
zly,2
zqu,2
zub,2
aeh,2
afb,2
ahk,2
aob,2
aoh,2
aqa,2
ayz,2
bpi,2
buq,2
bwi,2
diq,2
dms,2
dsf,2
dux,2
dza,2
eeo,2
ewk,2
fep,2
fga,2
fip,2
fni,2
fsi,2
ftr,2
ftu,2
ggh,2
gja,2
gnn,2
gse,2
hgi,2
htg,2
huv,2
hyh,2
hzi,2
iaw,2
idz,2
iee,2
ihl,2
iio,2
iky,2
ilq,2
ioy,2
izc,2
izv,2
jaf,2
kax,2
kde,2
kiz,2
ksy,2
kug,2
lfm,2
lkf,2
lmn,2
mbw,2
mds,2
mgr,2
mpc,2
muo,2
mva,2
ndz,2
obg,2
ocq,2
oiv,2
okd,2
okf,2
ooa,2
opv,2
psn,2
ptc,2
ptt,2
pyw,2
qan,2
rgm,2
rmr,2
rnk,2
rpn,2
rrn,2
rzb,2
skt,2
suh,2
thk,2
tsn,2
ugf,2
uhu,2
upv,2
uxb,2
uyg,2
vax,2
vih,2
wky,2
wsu,2
wyt,2
xba,2
xga,2
xiu,2
xty,2
xyn,2
yax,2
ygh,2
yrp,2
ysf,2
yuz,2
ziu,2
zmo,2
ztr,2
abf,2
acf,2
afk,2
ajd,2
ajn,2
akp,2
aoe,2
axc,2
azh,2
baq,2
bga,2
bhy,2
bja,2
bqu,2
buj,2
byb,2
byv,2
chz,2
cpa,2
ctw,2
czs,2
czy,2
daa,2
dps,2
dyr,2
eee,2
egf,2
ekb,2
epk,2
exn,2
ezc,2
faj,2
ffk,2
fiu,2
ftf,2
ftg,2
gfl,2
gji,2
gnf,2
gok,2
gpe,2
gts,2
gzh,2
hiw,2
hsk,2
hsv,2
iaq,2
icz,2
ijr,2
itd,2
ivl,2
izr,2
kga,2
khw,2
khy,2
kij,2
koj,2
kox,2
kuo,2
kwu,2
lje,2
loj,2
lrs,2
lsn,2
ltd,2
mbc,2
mmh,2
mqu,2
mua,2
nkc,2
nnf,2
nvy,2
oaq,2
ocd,2
onx,2
ooy,2
osf,2
owj,2
oxg,2
oyh,2
ozu,2
pcs,2
pdu,2
pms,2
pnu,2
psf,2
pva,2
pyb,2
rfn,2
rll,2
scd,2
scm,2
sgm,2
smr,2
spb,2
spc,2
srh,2
ssg,2
sza,2
szo,2
tms,2
tps,2
twu,2
tyu,2
tyv,2
tzg,2
tzn,2
ubq,2
uiq,2
ukd,2
umq,2
uul,2
uvs,2
uwi,2
uzl,2
vaj,2
vij,2
vob,2
vss,2
vte,2
vuo,2
vyw,2
wce,2
wdn,2
wek,2
wix,2
wsy,2
wtu,2
xav,2
xdi,2
xir,2
xov,2
xst,2
xwa,2
yay,2
ydu,2
yil,2
zge,2
zgi,2
zka,2
zla,2
zro,2
zvi,2
zyr,2
aek,1
aey,1
afd,1
akv,1
avc,1
axh,1
bdr,1
bps,1
bpu,1
brf,1
brn,1
bsg,1
cmd,1
cps,1
csh,1
csl,1
cug,1
cuj,1
daj,1
dby,1
ddm,1
dgs,1
dka,1
duh,1
dyu,1
eao,1
eaq,1
eay,1
ecm,1
ecn,1
ecz,1
epg,1
evk,1
exr,1
fek,1
fge,1
fii,1
fjo,1
foh,1
ghj,1
gih,1
gke,1
gox,1
gsn,1
gsr,1
gwh,1
gwr,1
hfe,1
hlb,1
hmg,1
hph,1
hsb,1
hsl,1
htj,1
htt,1
hwr,1
hwy,1
hze,1
ibm,1
icb,1
idk,1
iie,1
iiu,1
ioj,1
ipj,1
ixu,1
iyu,1
jax,1
jip,1
jli,1
kje,1
kph,1
ksg,1
kuf,1
kuw,1
kwh,1
kyj,1
lmw,1
luj,1
lzh,1
lzo,1
mbk,1
mdm,1
mfs,1
mls,1
mnl,1
mym,1
ndq,1
nnm,1
nwy,1
nyd,1
obk,1
ofb,1
ofm,1
oiz,1
okc,1
okp,1
otv,1
oxv,1
oyb,1
pde,1
pgo,1
pna,1
qai,1
qia,1
rbb,1
rlh,1
rmd,1
rmg,1
rpm,1
rrl,1
rtp,1
ruq,1
rzy,1
sls,1
srs,1
suq,1
szk,1
tbs,1
uaj,1
uaq,1
udp,1
uii,1
uoc,1
uoo,1
upk,1
uyn,1
uzh,1
uzm,1
viy,1
vno,1
vun,1
wbn,1
wff,1
wge,1
wkb,1
wln,1
wms,1
wsg,1
wsr,1
wyr,1
xfe,1
xth,1
xye,1
yav,1
yii,1
yio,1
yln,1
zau,1
zfe,1
zhu,1
zke,1
zki,1
zok,1
zoq,1
zow,1
zut,1
aah,1
acp,1
acw,1
aex,1
ajj,1
aov,1
auo,1
awv,1
azk,1
azn,1
bls,1
bsf,1
bwr,1
bym,1
ccc,1
cct,1
cga,1
cge,1
cgo,1
cik,1
cls,1
cpi,1
cpo,1
crs,1
csp,1
cwo,1
doj,1
dsn,1
duq,1
duy,1
ebh,1
edj,1
efn,1
ekr,1
eoy,1
euw,1
fao,1
fap,1
fhy,1
fij,1
fkl,1
gcr,1
gcu,1
gdu,1
ggc,1
ggm,1
gnp,1
gyw,1
hdl,1
hfs,1
hlg,1
hlh,1
hmy,1
hrz,1
hza,1
hzo,1
icw,1
ieo,1
igv,1
ihr,1
ikd,1
ioo,1
ipd,1
iqs,1
iub,1
iud,1
iue,1
ivk,1
iwh,1
iyn,1
izn,1
jeg,1
jeq,1
jif,1
jih,1
jks,1
jpu,1
jss,1
jyn,1
kcu,1
kej,1
khz,1
kky,1
kui,1
lfg,1
lfy,1
lkb,1
lpn,1
lpw,1
lsr,1
ltg,1
lzs,1
meq,1
mgy,1
mjo,1
myb,1
myw,1
ncc,1
ncn,1
nnb,1
nnd,1
noq,1
npy,1
nxt,1
oao,1
odv,1
ogj,1
ohp,1
pfs,1
pih,1
ppp,1
prs,1
ptm,1
pyf,1
qis,1
rcc,1
rcn,1
rlm,1
rmm,1
rpw,1
ruu,1
rzt,1
sct,1
sfm,1
sns,1
suu,1
trp,1
tuz,1
uaa,1
ubk,1
udv,1
ufc,1
uhm,1
ukb,1
unx,1
uzn,1
vui,1
vyh,1
waj,1
wbs,1
wcu,1
wdu,1
wew,1
wex,1
wgh,1
wka,1
wld,1
wrs,1
wsd,1
wud,1
wwi,1
xbi,1
xfl,1
xun,1
xup,1
xwi,1
xyo,1
yfr,1
ynw,1
yoj,1
ziq,1
ziw,1
zkr,1
zri,1
zsa,1
zui,1
zup,1
zve,1
acg,1
afc,1
afw,1
ahj,1
ahz,1
aoa,1
aow,1
awu,1
axf,1
azb,1
azp,1
bcd,1
bcy,1
bds,1
biw,1
brz,1
cbo,1
cbr,1
ceq,1
ciq,1
cnd,1
csk,1
cwi,1
cyx,1
cyz,1
dbm,1
ddn,1
dkn,1
dsy,1
duw,1
dwh,1
efc,1
eiy,1
ekd,1
emh,1
erx,1
etj,1
evz,1
ezm,1
fcs,1
fiq,1
fpa,1
fpi,1
fsb,1
ftt,1
fui,1
fwe,1
fyd,1
fyt,1
gbr,1
ggn,1
gks,1
gyd,1
gyo,1
gyz,1
hby,1
hlm,1
hmm,1
hnd,1
hnk,1
hoq,1
ibg,1
idb,1
ieq,1
iii,1
iil,1
ixf,1
ixp,1
iyi,1
izk,1
izt,1
jha,1
jiz,1
joz,1
jst,1
jue,1
kci,1
kge,1
khn,1
khr,1
ksf,1
kuv,1
kyk,1
lcd,1
ldd,1
lfn,1
lmg,1
lsg,1
ltv,1
luw,1
mcb,1
mcp,1
mcu,1
mhu,1
mkh,1
mnn,1
mpd,1
muy,1
mvs,1
ncm,1
nff,1
nhw,1
nnk,1
npn,1
nuu,1
nux,1
nyf,1
nzh,1
ocm,1
odj,1
oip,1
okv,1
osd,1
ovt,1
oxd,1
oyk,1
phz,1
pjo,1
ppm,1
ppt,1
pwh,1
pyj,1
pzi,1
qub,1
rcm,1
rfh,1
rfp,1
rfy,1
rgt,1
rgw,1
rkc,1
rkg,1
rrk,1
rsz,1
rtj,1
ryj,1
rzu,1
scb,1
scp,1
sez,1
skd,1
smd,1
suj,1
swb,1
syg,1
tby,1
tcs,1
tgn,1
ttd,1
tuq,1
ubz,1
ucn,1
ugd,1
uiy,1
ujr,1
uob,1
uoh,1
upj,1
uvl,1
uxh,1
uxl,1
uzc,1
vaz,1
vez,1
vga,1
vns,1
vye,1
wbw,1
wby,1
wcr,1
wfr,1
wlp,1
wlw,1
wno,1
woz,1
wsv,1
wuz,1
wym,1
xbr,1
xee,1
xmi,1
xof,1
xtb,1
ymt,1
ynb,1
ytl,1
zdi,1
zev,1
zez,1
ziv,1
zme,1
zta,1
zvo,1
zwe,1
zyz,1
zzm,1
zzw,1
abg,1
abv,1
adq,1
agk,1
axn,1
azc,1
azr,1
bka,1
bld,1
bpy,1
bsd,1
bsq,1
bsr,1
bty,1
byd,1
bzo,1
cbs,1
ccm,1
ccn,1
cdr,1
cgs,1
cpr,1
cpt,1
cpu,1
crf,1
crt,1
csm,1
ctd,1
cve,1
cwa,1
dbs,1
dcc,1
dhp,1
dlc,1
dsq,1
dtu,1
ejd,1
elq,1
epz,1
ezh,1
ezk,1
ezq,1
faa,1
fbu,1
fje,1
fko,1
flh,1
fnn,1
fof,1
fok,1
foz,1
frg,1
fye,1
fyo,1
gez,1
gij,1
gje,1
gls,1
gps,1
gsf,1
gsu,1
gtz,1
gve,1
hds,1
hft,1
hku,1
htd,1
htk,1
icd,1
icp,1
igp,1
iip,1
ikn,1
ikw,1
iua,1
iuj,1
izd,1
jdi,1
jei,1
jek,1
jiu,1
jns,1
jsa,1
kdi,1
kpu,1
kyc,1
lsl,1
mcv,1
mcw,1
mdf,1
mdt,1
mje,1
muq,1
muu,1
mwh,1
myj,1
myp,1
mza,1
nfs,1
nnr,1
noj,1
nuv,1
nwb,1
nyg,1
nzl,1
oow,1
osv,1
oxm,1
oyw,1
ozm,1
pbs,1
pct,1
poq,1
ptf,1
pym,1
qas,1
qum,1
qwe,1
rcg,1
rcz,1
rgf,1
rqa,1
rrb,1
rrt,1
rrv,1
rtd,1
sdn,1
sij,1
siq,1
sji,1
skb,1
spd,1
srb,1
syh,1
syv,1
szc,1
szi,1
szy,1
tck,1
tdw,1
tkn,1
tll,1
trh,1
trn,1
ttc,1
ttf,1
ttk,1
ttt,1
tvs,1
tzh,1
tzr,1
tzt,1
ufm,1
ugy,1
ukc,1
ulx,1
umj,1
upn,1
uqs,1
usv,1
uua,1
uvn,1
uxm,1
uzy,1
vaf,1
vce,1
vds,1
vkh,1
vko,1
vne,1
vst,1
vud,1
vut,1
wao,1
wgl,1
wih,1
wju,1
wlf,1
woj,1
wph,1
wpr,1
wru,1
wsn,1
wtr,1
wyv,1
xeq,1
xro,1
yaa,1
ygs,1
yib,1
yiv,1
yji,1
yml,1
ysr,1
yud,1
yui,1
zco,1
zde,1
zre,1
zsi,1
zsk,1
zsv,1
zuo,1
zwo,1
zyi,1
zyk,1
zyu,1
aaz,1
acz,1
aez,1
afm,1
ahp,1
ajl,1
alx,1
aog,1
aok,1
aqq,1
avk,1
bbt,1
bcb,1
bji,1
blt,1
boq,1
brd,1
bsw,1
bws,1
byf,1
byk,1
byx,1
bzi,1
cbc,1
cbm,1
cej,1
cfe,1
cih,1
cix,1
ckq,1
cny,1
cpc,1
crl,1
cuk,1
cva,1
cwh,1
dcm,1
dgk,1
djs,1
dmd,1
doq,1
dsr,1
eaa,1
ebk,1
ecg,1
egp,1
eht,1
eiw,1
ejs,1
ekf,1
ekm,1
emk,1
emz,1
eqs,1
exv,1
ezd,1
ezn,1
ezv,1
fcu,1
fdi,1
ffd,1
ffg,1
fgr,1
fhr,1
fja,1
fls,1
fnc,1
fps,1
fpu,1
frc,1
frt,1
fsm,1
fso,1
ftc,1
fyk,1
gds,1
ggb,1
ggd,1
ghk,1
ghq,1
ghv,1
gkl,1
gph,1
gsg,1
gtu,1
hfr,1
hhy,1
hje,1
hlr,1
hnb,1
hnc,1
hpp,1
hrd,1
hrl,1
hsf,1
hsr,1
huu,1
ibd,1
iej,1
ifd,1
iim,1
ijm,1
img,1
iuo,1
ivd,1
iwu,1
ixh,1
ixn,1
izh,1
izw,1
jao,1
jca,1
jja,1
joj,1
jwa,1
khd,1
kqu,1
krs,1
kvo,1
kyh,1
kza,1
lcc,1
lcn,1
lfk,1
lgs,1
lgw,1
lhs,1
lkg,1
lkp,1
llj,1
lng,1
lnt,1
lsf,1
lvn,1
lwu,1
lxa,1
lxs,1
mbb,1
mbt,1
mct,1
mgi,1
mju,1
mku,1
mll,1
mmb,1
mny,1
mpg,1
mrc,1
mrn,1
mtb,1
mtm,1
mux,1
mzi,1
nfy,1
nkd,1
nms,1
npf,1
nsj,1
nyk,1
nzd,1
nzk,1
ofp,1
ovc,1
ovg,1
ovv,1
oxn,1
oxp,1
pcc,1
pce,1
pds,1
php,1
pij,1
plp,1
puu,1
qal,1
qar,1
qaw,1
qkt,1
quh,1
rbm,1
rbw,1
rcp,1
rdk,1
rfd,1
rkk,1
rlc,1
rpg,1
rrg,1
rsr,1
rzh,1
sbc,1
sbj,1
sbs,1
scc,1
scf,1
sdc,1
sfc,1
shq,1
slt,1
smg,1
smp,1
soq,1
spf,1
sry,1
suy,1
svc,1
svs,1
tlc,1
tsr,1
ttp,1
uao,1
uax,1
udt,1
uex,1
ugt,1
ugz,1
ujd,1
ukw,1
uoa,1
uog,1
uyb,1
uyr,1
vci,1
vcr,1
vde,1
vgo,1
voa,1
voq,1
vru,1
vts,1
vyb,1
vyl,1
wci,1
wcl,1
wej,1
weo,1
wfn,1
whs,1
wiw,1
wlb,1
wlt,1
woi,1
woy,1
wsf,1
wva,1
wve,1
wyf,1
wza,1
xda,1
xix,1
xra,1
xsp,1
xsw,1
xxi,1
xyf,1
xyi,1
xyz,1
ydy,1
yig,1
ykh,1
ylf,1
ymc,1
ynf,1
ysd,1
yuh,1
yyi,1
yzs,1
yzz,1
zaq,1
zii,1
zny,1
zsl,1
zuu,1
zyh,1
zyt,1
zyw,1
zzt,1
zzu,1
aaw,0
abp,0
abz,0
aej,0
afh,0
agc,0
ahf,0
akz,0
aoz,0
auy,0
azq,0
bfn,0
bgu,0
bgy,0
bks,0
blf,0
blm,0
brh,0
brs,0
bvd,0
byu,0
cbi,0
cbl,0
ccd,0
cdf,0
cdn,0
cez,0
cfc,0
cfd,0
cfl,0
cfs,0
cll,0
cmg,0
cnc,0
cpl,0
crw,0
csb,0
csd,0
csn,0
csr,0
csv,0
ctp,0
ctz,0
cvi,0
cvo,0
cvs,0
cwm,0
cyi,0
cyw,0
dce,0
dci,0
dcp,0
dct,0
ddb,0
ddc,0
ddd,0
dfn,0
dfs,0
dkh,0
dko,0
dll,0
drc,0
dsd,0
duz,0
dvm,0
dvs,0
eaj,0
efw,0
egt,0
ehc,0
ehf,0
ehk,0
ejl,0
ekw,0
evd,0
evt,0
exb,0
exx,0
eyk,0
ezb,0
fbr,0
fci,0
fck,0
ffv,0
fgo,0
fhl,0
fke,0
fln,0
fmo,0
fms,0
fnd,0
fnz,0
fpo,0
fyf,0
fym,0
fyn,0
fyr,0
gbs,0
gex,0
gfn,0
ggf,0
ggp,0
ggw,0
ghz,0
gku,0
gmc,0
gmg,0
gml,0
gmt,0
gze,0
hci,0
hgl,0
hji,0
hkh,0
hkn,0
hlk,0
hmn,0
hnh,0
hnm,0
htv,0
huo,0
huq,0
hwu,0
hyk,0
hyw,0
iaj,0
iay,0
ibk,0
icf,0
icv,0
ifk,0
ifn,0
igj,0
ihn,0
ihw,0
ikm,0
imj,0
ioq,0
ipg,0
iqa,0
iqi,0
iws,0
ixb,0
ixd,0
iys,0
iyy,0
izg,0
jey,0
jji,0
jka,0
jme,0
jnh,0
jof,0
jpo,0
juy,0
juz,0
jys,0
kbs,0
kex,0
kgs,0
khp,0
kks,0
ksr,0
kyf,0
lkc,0
lmb,0
lmf,0
lmt,0
lnd,0
lny,0
lpd,0
ltj,0
lxx,0
mdl,0
mfn,0
mft,0
mgh,0
mgo,0
mhs,0
mnd,0
mtp,0
mzy,0
ncp,0
ncz,0
nfk,0
nhn,0
njs,0
njy,0
nls,0
nrr,0
nws,0
nww,0
nxm,0
nxw,0
nyq,0
nzp,0
obp,0
ofw,0
ohj,0
oii,0
olj,0
omz,0
otq,0
ouo,0
oxr,0
ozc,0
paf,0
pcd,0
pcm,0
pcn,0
pcp,0
pdl,0
phh,0
piw,0
pkw,0
pls,0
plz,0
pmt,0
pns,0
pny,0
ppb,0
ppd,0
ppn,0
pqu,0
prc,0
prz,0
ptb,0
puq,0
pwl,0
pwn,0
pyp,0
pyu,0
pza,0
qam,0
qqa,0
qra,0
qul,0
qus,0
qut,0
rbh,0
rbt,0
rcq,0
rgg,0
rhm,0
rhn,0
rmv,0
rpp,0
rrd,0
rsg,0
rtk,0
rvl,0
rxe,0
rzl,0
sbw,0
sck,0
sfs,0
sgt,0
sld,0
sll,0
smt,0
spt,0
sqa,0
src,0
srm,0
stj,0
sux,0
svp,0
svr,0
sws,0
tcc,0
tcn,0
tcp,0
tds,0
tdy,0
thj,0
tky,0
tmy,0
tng,0
tpy,0
ttz,0
ufg,0
ufn,0
uht,0
uug,0
uui,0
uvv,0
uxg,0
uxy,0
uyh,0
vcs,0
vha,0
vls,0
vms,0
vsa,0
vta,0
vtu,0
vuc,0
vuv,0
vva,0
vyz,0
vzo,0
wdf,0
wdg,0
wfs,0
wii,0
wij,0
wjo,0
wnu,0
wnv,0
wnz,0
wox,0
wty,0
wuc,0
wuh,0
wwr,0
wyh,0
wzy,0
xaf,0
xbl,0
xcy,0
xde,0
xdo,0
xeb,0
xev,0
xfu,0
xla,0
xsk,0
xxv,0
ybs,0
ydb,0
ydl,0
ydt,0
yex,0
yff,0
yhn,0
yhu,0
ykl,0
ykt,0
ylr,0
ymh,0
ynm,0
ynr,0
yrb,0
ysz,0
yue,0
yye,0
zax,0
zay,0
zce,0
zcu,0
zcz,0
zfu,0
zhn,0
zhy,0
zku,0
zmc,0
zth,0
ztl,0
zuf,0
zuw,0
zyn,0
zyp,0
aao,0
aav,0
afp,0
ajc,0
ajk,0
ajw,0
amq,0
aof,0
apg,0
aql,0
asj,0
avp,0
awz,0
azg,0
bbn,0
bcp,0
bdl,0
bhc,0
bhs,0
blj,0
blv,0
bmg,0
bmh,0
bmr,0
bnf,0
brc,0
bsn,0
bsv,0
btc,0
cbu,0
ccw,0
cdc,0
cdu,0
cfh,0
ckx,0
clc,0
cln,0
clr,0
cmc,0
cmp,0
cpd,0
cpm,0
cqs,0
crd,0
crn,0
crp,0
csw,0
ctg,0
ctv,0
cvr,0
cwr,0
cyh,0
cyk,0
czk,0
dcb,0
dcs,0
ddt,0
ddv,0
dfm,0
dft,0
dgt,0
dhj,0
dhl,0
dnc,0
dns,0
dny,0
dpn,0
drd,0
dvd,0
dvr,0
dwu,0
dzs,0
ebp,0
edq,0
efb,0
egd,0
egk,0
ekc,0
ekg,0
ekv,0
emj,0
eqa,0
eqe,0
evh,0
eyj,0
fcc,0
fct,0
fde,0
fdr,0
fdu,0
flc,0
fmc,0
fmi,0
fnm,0
fno,0
fnu,0
fpc,0
frd,0
frl,0
frp,0
fsd,0
fsp,0
fsu,0
ftz,0
fua,0
fyc,0
fze,0
gcl,0
gct,0
gdp,0
gdy,0
giq,0
gkh,0
gld,0
gmp,0
gnb,0
gnc,0
gpc,0
grb,0
grf,0
grn,0
grp,0
gsy,0
gyc,0
gzi,0
gzw,0
hcb,0
hcf,0
hdw,0
hgw,0
hhs,0
hky,0
hll,0
hlw,0
hps,0
hqs,0
hrh,0
hrr,0
hrv,0
hrw,0
hsu,0
hsy,0
hvh,0
hyf,0
hyz,0
ifc,0
ihd,0
iih,0
iiw,0
ijj,0
ijl,0
ilj,0
ipz,0
irj,0
iuq,0
iuv,0
ivn,0
iwb,0
iww,0
iwy,0
jds,0
jge,0
jho,0
jij,0
jiy,0
jko,0
jma,0
jms,0
jpe,0
jre,0
jri,0
jsw,0
jti,0
juf,0
juw,0
jym,0
kbp,0
kgb,0
kkk,0
kln,0
klr,0
kng,0
kny,0
kpw,0
krt,0
lgb,0
ljs,0
lkr,0
lnb,0
lnl,0
lrb,0
ltt,0
luq,0
lwm,0
mcj,0
mcy,0
mdg,0
mhg,0
mhy,0
mko,0
mks,0
mkt,0
mmf,0
mmk,0
mmm,0
mnb,0
mng,0
mrd,0
mrp,0
mtt,0
mub,0
mvp,0
mzu,0
nbw,0
ncb,0
nft,0
nfw,0
nhl,0
nkk,0
nkv,0
nld,0
nmp,0
nmr,0
nng,0
npt,0
nqi,0
nqs,0
nuj,0
nuw,0
nvl,0
nwf,0
nwn,0
nxr,0
nyv,0
oaa,0
oaw,0
obz,0
ocz,0
ofk,0
ogv,0
oiw,0
ojd,0
ojt,0
okj,0
olq,0
olx,0
omg,0
osj,0
otj,0
ovl,0
oxk,0
pbb,0
pbx,0
pfc,0
pff,0
pfx,0
pgl,0
phd,0
phm,0
pjs,0
plt,0
pmp,0
pnp,0
ppc,0
psd,0
psq,0
psr,0
puh,0
pux,0
pvc,0
pvt,0
qed,0
qib,0
qil,0
qir,0
qiv,0
qop,0
qrs,0
qsh,0
rbn,0
rcd,0
rcv,0
rfg,0
rgk,0
rjs,0
rlk,0
rmk,0
rpc,0
rrf,0
rrm,0
rwt,0
rxs,0
rzw,0
scn,0
sdh,0
sdl,0
sdy,0
sfd,0
sff,0
sgn,0
sgp,0
shj,0
shz,0
skv,0
slm,0
sng,0
snm,0
spp,0
srt,0
ssj,0
stz,0
swc,0
swy,0
szl,0
tdm,0
tgt,0
tku,0
tml,0
tmm,0
tmr,0
tmv,0
tpm,0
ttb,0
ttj,0
tuw,0
tvy,0
tww,0
txi,0
tyq,0
tzc,0
tzf,0
ucd,0
ufy,0
ugp,0
uhf,0
uho,0
uih,0
ukp,0
ulq,0
uov,0
uox,0
uoz,0
usj,0
uuc,0
uur,0
uvy,0
uwc,0
uwl,0
uww,0
uxf,0
uyk,0
uyp,0
uyw,0
uzd,0
uzj,0
vao,0
vaq,0
vdi,0
vfw,0
vgi,0
vhf,0
vho,0
viq,0
vlf,0
vlt,0
vmc,0
vmi,0
vmr,0
voh,0
voz,0
vrs,0
vso,0
vti,0
vto,0
vuz,0
vyc,0
vyd,0
vyr,0
vyy,0
wcs,0
wgu,0
wkl,0
wkm,0
wlu,0
wmr,0
www,0
xby,0
xdr,0
xdu,0
xeu,0
xfa,0
xgl,0
xiw,0
xke,0
xls,0
xok,0
xoz,0
xri,0
xva,0
xxo,0
xyq,0
ycs,0
ygg,0
yiy,0
ykj,0
ylx,0
ymk,0
ynp,0
ynz,0
yoy,0
yrf,0
yuv,0
yuy,0
yvn,0
ywc,0
ywd,0
yys,0
yzg,0
yzu,0
zbi,0
zds,0
zdu,0
zeq,0
zga,0
zgo,0
zhd,0
zji,0
zkn,0
zls,0
zlu,0
zno,0
zoz,0
zpi,0
zpy,0
zso,0
zya,0
zyc,0
zyd,0
zyv,0
zzf,0
zzg,0
zzk,0
zzz,0
aaq,0
abq,0
acx,0
afq,0
afz,0
agv,0
ahb,0
ajm,0
aoq,0
aoy,0
apv,0
aqb,0
aqf,0
aqo,0
avt,0
axg,0
axk,0
axv,0
azv,0
bbb,0
bbc,0
bbv,0
bcm,0
bcw,0
bdf,0
bdt,0
bfd,0
bfm,0
bgi,0
bhg,0
bhp,0
bjn,0
bjs,0
bkg,0
bko,0
bkp,0
blc,0
blh,0
blk,0
blr,0
bmw,0
bmy,0
bpc,0
bpm,0
bqa,0
brl,0
brm,0
brr,0
btm,0
btw,0
bvm,0
bwl,0
bwt,0
bza,0
cbd,0
cbw,0
ccf,0
ccp,0
cdp,0
cfi,0
cfm,0
cfo,0
cfu,0
cgm,0
cjo,0
cld,0
clk,0
clw,0
cml,0
cmt,0
cmy,0
cnm,0
cnn,0
cpe,0
cpf,0
crh,0
csf,0
csq,0
csu,0
csy,0
ctc,0
cwe,0
cwp,0
cws,0
cwt,0
cyu,0
cyv,0
czm,0
czu,0
dbh,0
dbv,0
dcd,0
dcf,0
dcn,0
ddp,0
dff,0
dgc,0
dhd,0
dhv,0
djt,0
djy,0
dkg,0
dkl,0
dkm,0
dky,0
dmc,0
dmg,0
dmt,0
dnl,0
dpc,0
dpm,0
dpt,0
drm,0
dsg,0
dsx,0
dtc,0
dtd,0
dtj,0
dtk,0
dtl,0
dtn,0
dty,0
dvc,0
dxt,0
dzy,0
efh,0
efk,0
efm,0
efp,0
ehd,0
ehg,0
ehw,0
ejk,0
ejm,0
ejr,0
enx,0
eqw,0
exg,0
exw,0
eyu,0
ezf,0
ezg,0
ezp,0
ezw,0
fbk,0
fbl,0
fcl,0
fcr,0
fcy,0
fdc,0
fdd,0
fdm,0
fdn,0
fgi,0
fgs,0
fks,0
fky,0
flb,0
fld,0
flf,0
flr,0
flt,0
fmg,0
fmk,0
fnf,0
fng,0
fnp,0
fns,0
fph,0
fpl,0
fpm,0
fqu,0
frf,0
frk,0
frm,0
frz,0
fsf,0
fsr,0
ftd,0
ftv,0
fuq,0
fve,0
fvi,0
fwd,0
fwn,0
fyz,0
gbl,0
gbt,0
gcc,0
gcd,0
gcg,0
gcm,0
gcs,0
gcv,0
gkf,0
glh,0
glr,0
gmb,0
gmw,0
gnd,0
gng,0
gnh,0
gnw,0
gpd,0
gpm,0
gqi,0
gqu,0
grd,0
gtc,0
gtp,0
gtt,0
guk,0
gws,0
gyh,0
hdb,0
hfg,0
hgs,0
hhd,0
hhn,0
hhu,0
hkf,0
hlt,0
hml,0
hmp,0
hnf,0
hnq,0
hnt,0
hnv,0
hrf,0
hrk,0
htz,0
ifb,0
igk,0
ihc,0
ihf,0
ihh,0
ihp,0
iht,0
ihz,0
iig,0
iik,0
iir,0
iiv,0
ijt,0
ijw,0
imv,0
iqb,0
iqr,0
iuu,0
ivt,0
ixg,0
ixv,0
iyf,0
iyr,0
izp,0
jbe,0
jce,0
jch,0
jci,0
jcl,0
jct,0
jcu,0
jex,0
jfk,0
jfn,0
jga,0
jhe,0
jhu,0
jhv,0
jio,0
jiq,0
jiw,0
jjs,0
jkp,0
jla,0
jls,0
jne,0
jno,0
jox,0
jpr,0
jsc,0
jsh,0
jtu,0
jty,0
juo,0
jvo,0
jwo,0
jyl,0
jyo,0
kby,0
kcs,0
kdc,0
kdu,0
kez,0
kfc,0
kfd,0
kfs,0
kgi,0
khb,0
kjs,0
kkr,0
kkt,0
kkv,0
klb,0
kld,0
klj,0
kmm,0
kms,0
kns,0
ksz,0
ktg,0
ktp,0
ktz,0
kvu,0
kwy,0
kyz,0
lbj,0
lbm,0
lbn,0
lbv,0
lcz,0
ldj,0
ldx,0
lgj,0
lgk,0
lgn,0
lhd,0
lhj,0
lhl,0
lhw,0
lji,0
ljk,0
lkd,0
llx,0
lmv,0
lnm,0
lnr,0
lnv,0
lpb,0
lpc,0
lqs,0
lrc,0
lrz,0
lsz,0
lvd,0
lvs,0
lvt,0
lwl,0
lwp,0
lws,0
lxe,0
lzb,0
lzg,0
lzm,0
lzn,0
lzq,0
lzu,0
mdn,0
mdy,0
mfd,0
mfg,0
mfy,0
mgk,0
mgm,0
mgs,0
mhp,0
mhr,0
mhz,0
mji,0
mlc,0
mmd,0
mmp,0
mnt,0
mnw,0
mpq,0
mpv,0
mqi,0
mqr,0
mrb,0
mrf,0
mrr,0
mrt,0
mtc,0
mtd,0
mtg,0
mtu,0
mtv,0
mtw,0
mtx,0
mty,0
mvr,0
mvu,0
mws,0
myh,0
myu,0
nbc,0
nbg,0
nbj,0
nbs,0
ncd,0
ncg,0
nfd,0
nfj,0
ngq,0
nhd,0
nhr,0
nlf,0
nll,0
nmn,0
nnz,0
npc,0
nrl,0
nrz,0
ntk,0
nuh,0
nvr,0
nwu,0
nxl,0
nxv,0
nzt,0
nzv,0
nzw,0
oaj,0
oay,0
oez,0
ofh,0
ohd,0
ohh,0
ojc,0
ojg,0
ojp,0
ojv,0
omj,0
omq,0
ooo,0
otx,0
ouu,0
ovh,0
ovm,0
ovz,0
oxz,0
oyv,0
ozk,0
ozr,0
pbm,0
pby,0
pcf,0
pdn,0
pdp,0
pdq,0
pdt,0
pdy,0
pfk,0
pgn,0
phw,0
pkg,0
pks,0
plc,0
plf,0
plj,0
poj,0
ppv,0
prm,0
prv,0
ptd,0
ptp,0
pvo,0
qaa,0
qaj,0
qaz,0
qba,0
qbi,0
qer,0
qes,0
qid,0
qig,0
qih,0
qim,0
qiq,0
qit,0
qld,0
qli,0
qoh,0
qom,0
qon,0
qor,0
qqv,0
qsy,0
qty,0
qud,0
qun,0
qwl,0
rbd,0
rcb,0
rcf,0
rfj,0
rfv,0
rfw,0
rgb,0
rgd,0
rgq,0
rhl,0
rhw,0
rjc,0
rjy,0
rlg,0
rlv,0
rnj,0
rnz,0
rpb,0
rqs,0
rrw,0
rwd,0
rww,0
rxa,0
rzc,0
rzf,0
rzg,0
rzk,0
sbh,0
sgd,0
sgh,0
sgs,0
siy,0
sjl,0
skk,0
slq,0
smc,0
smh,0
sml,0
smm,0
snc,0
snp,0
snr,0
spg,0
spm,0
sql,0
sqs,0
srd,0
srg,0
srn,0
srp,0
stk,0
stx,0
svn,0
swm,0
swt,0
szr,0
tbb,0
tbd,0
tcb,0
tcd,0
tcz,0
tdc,0
tdd,0
tfd,0
tff,0
tft,0
tks,0
tln,0
tlt,0
tlv,0
tmh,0
tmj,0
tmp,0
tnc,0
tnp,0
tny,0
tpc,0
tpd,0
tpk,0
tpn,0
trc,0
trl,0
trm,0
trt,0
trz,0
tsq,0
tuh,0
tuj,0
twl,0
twm,0
twp,0
tyz,0
tzd,0
tzw,0
ucb,0
ucp,0
ucz,0
udj,0
ufb,0
uhd,0
uhq,0
uhw,0
uhy,0
ujj,0
ujp,0
ujs,0
ukm,0
ukv,0
ulj,0
uof,0
uow,0
uqa,0
uud,0
uut,0
uwf,0
uwt,0
uxv,0
uyf,0
uym,0
uyv,0
uzf,0
uzv,0
vcc,0
vcl,0
vdo,0
vdt,0
vgh,0
vhd,0
vhs,0
vki,0
vlb,0
vld,0
vlu,0
vly,0
vma,0
vnl,0
vof,0
voj,0
vpa,0
vpi,0
vry,0
vsb,0
vsh,0
vsl,0
vsn,0
vsx,0
vtz,0
vub,0
vvl,0
vvo,0
vvs,0
vws,0
vyf,0
vyk,0
vyt,0
vyu,0
vyv,0
vzh,0
vzn,0
vzu,0
waq,0
wcz,0
wdk,0
wdt,0
weu,0
wfp,0
wft,0
whr,0
wio,0
wlc,0
wlg,0
wlk,0
wlm,0
wmb,0
wmc,0
wmu,0
wpm,0
wpy,0
wqu,0
wrn,0
wrz,0
wtk,0
wtz,0
wug,0
wuw,0
wwh,0
wyg,0
wyz,0
wzl,0
xak,0
xao,0
xax,0
xeh,0
xei,0
xep,0
xgo,0
xgu,0
xhl,0
xih,0
xiz,0
xki,0
xna,0
xou,0
xow,0
xoy,0
xpt,0
xre,0
xsl,0
xtn,0
xtp,0
xuc,0
xuz,0
xxx,0
xyk,0
xze,0
ybn,0
ycc,0
ycm,0
ydg,0
ydm,0
yfn,0
yfs,0
yft,0
ygv,0
yhr,0
yhw,0
yhz,0
yiu,0
yjo,0
ykr,0
yku,0
yky,0
ylw,0
ymw,0
ynj,0
ynl,0
ynv,0
yoq,0
yrv,0
yrw,0
ysq,0
ytv,0
yuf,0
yuj,0
yuq,0
yuu,0
yvk,0
yvr,0
yvy,0
yxy,0
yyc,0
yyo,0
yyu,0
zaj,0
zbr,0
zch,0
zck,0
zcl,0
zcn,0
zex,0
zgh,0
zhb,0
zhk,0
zhm,0
zks,0
zmu,0
zns,0
zpo,0
zpu,0
zrd,0
zsp,0
zti,0
zts,0
zyf,0
zzc,0